"사용일자","호선명","역명","승차총승객수","하차총승객수","등록일자"
"20221127","7호선","가산디지털단지","11845","10928","20221130"
"20221127","7호선","강남구청","6195","6907","20221130"
"20221127","7호선","건대입구","8371","9259","20221130"
"20221127","7호선","고속터미널","16639","10304","20221130"
"20221127","7호선","공릉(서울과학기술대)","7056","7088","20221130"
"20221127","7호선","광명사거리","12653","12662","20221130"
"20221127","7호선","군자(능동)","8840","6648","20221130"
"20221127","7호선","남구로","7202","7112","20221130"
"20221127","7호선","남성","5999","5814","20221130"
"20221127","7호선","내방","5532","5603","20221130"
"20221127","7호선","노원","11549","11555","20221130"
"20221127","7호선","논현","6035","6153","20221130"
"20221127","7호선","대림(구로구청)","8538","7888","20221130"
"20221127","7호선","도봉산","5291","7566","20221130"
"20221127","7호선","뚝섬유원지","5972","5576","20221130"
"20221127","7호선","마들","6436","5900","20221130"
"20221127","7호선","먹골","5750","5643","20221130"
"20221127","7호선","면목","8316","8112","20221130"
"20221127","7호선","반포","3339","3214","20221130"
"20221127","7호선","보라매","4001","4149","20221130"
"20221127","7호선","사가정","9092","9008","20221130"
"20221127","7호선","상도","8075","7996","20221130"
"20221127","7호선","상봉(시외버스터미널)","10098","9339","20221130"
"20221127","7호선","수락산","8284","8208","20221130"
"20221127","7호선","숭실대입구(살피재)","6589","6963","20221130"
"20221127","7호선","신대방삼거리","7992","8204","20221130"
"20221127","7호선","신풍","6483","6086","20221130"
"20221127","7호선","어린이대공원(세종대)","11891","11198","20221130"
"20221127","7호선","온수(성공회대입구)","4367","4346","20221130"
"20221127","7호선","용마산(용마폭포공원)","3360","3563","20221130"
"20221127","7호선","이수","9279","8696","20221130"
"20221127","7호선","장승배기","4822","4726","20221130"
"20221127","7호선","장암","1464","909","20221130"
"20221127","7호선","중계","7205","6647","20221130"
"20221127","7호선","중곡","5702","5455","20221130"
"20221127","7호선","중화","5984","5794","20221130"
"20221127","7호선","천왕","5483","5380","20221130"
"20221127","7호선","철산","11588","11555","20221130"
"20221127","7호선","청담","7726","8243","20221130"
"20221127","7호선","태릉입구","5398","5243","20221130"
"20221127","7호선","하계","9876","9445","20221130"
"20221127","7호선","학동","7737","8123","20221130"
"20221126","7호선","가산디지털단지","16343","14689","20221129"
"20221126","7호선","강남구청","11477","12776","20221129"
"20221126","7호선","건대입구","12768","13397","20221129"
"20221126","7호선","고속터미널","18189","13960","20221129"
"20221126","7호선","공릉(서울과학기술대)","10232","9581","20221129"
"20221126","7호선","광명사거리","17232","17122","20221129"
"20221126","7호선","군자(능동)","12080","8889","20221129"
"20221126","7호선","남구로","8632","9054","20221129"
"20221126","7호선","남성","8439","7741","20221129"
"20221126","7호선","내방","8699","8636","20221129"
"20221126","7호선","노원","16765","17309","20221129"
"20221126","7호선","논현","10901","11888","20221129"
"20221126","7호선","대림(구로구청)","7896","8550","20221129"
"20221126","7호선","도봉산","6792","9094","20221129"
"20221126","7호선","뚝섬유원지","7444","7024","20221129"
"20221126","7호선","마들","9894","9058","20221129"
"20221126","7호선","먹골","8191","7752","20221129"
"20221126","7호선","면목","11740","11167","20221129"
"20221126","7호선","반포","5203","5044","20221129"
"20221126","7호선","보라매","6105","6021","20221129"
"20221126","7호선","사가정","13248","12434","20221129"
"20221126","7호선","상도","11155","10191","20221129"
"20221126","7호선","상봉(시외버스터미널)","14804","13965","20221129"
"20221126","7호선","수락산","10930","10671","20221129"
"20221126","7호선","숭실대입구(살피재)","11202","10599","20221129"
"20221126","7호선","신대방삼거리","11516","10546","20221129"
"20221126","7호선","신풍","8964","8281","20221129"
"20221126","7호선","어린이대공원(세종대)","12737","11882","20221129"
"20221126","7호선","온수(성공회대입구)","6024","6004","20221129"
"20221126","7호선","용마산(용마폭포공원)","4576","4676","20221129"
"20221126","7호선","이수","13775","12809","20221129"
"20221126","7호선","장승배기","6983","6773","20221129"
"20221126","7호선","장암","1764","1210","20221129"
"20221126","7호선","중계","10170","8898","20221129"
"20221126","7호선","중곡","7569","6954","20221129"
"20221126","7호선","중화","8195","7941","20221129"
"20221126","7호선","천왕","7623","7032","20221129"
"20221126","7호선","철산","17038","16986","20221129"
"20221126","7호선","청담","13039","14555","20221129"
"20221126","7호선","태릉입구","7444","6689","20221129"
"20221126","7호선","하계","13433","12320","20221129"
"20221126","7호선","학동","12817","13614","20221129"
"20221125","7호선","가산디지털단지","47795","47535","20221128"
"20221125","7호선","강남구청","18518","20763","20221128"
"20221125","7호선","건대입구","14434","15446","20221128"
"20221125","7호선","고속터미널","20901","16255","20221128"
"20221125","7호선","공릉(서울과학기술대)","13722","13407","20221128"
"20221125","7호선","광명사거리","23462","23378","20221128"
"20221125","7호선","군자(능동)","16524","12953","20221128"
"20221125","7호선","남구로","16182","17094","20221128"
"20221125","7호선","남성","12541","11376","20221128"
"20221125","7호선","내방","16065","16398","20221128"
"20221125","7호선","노원","21984","23762","20221128"
"20221125","7호선","논현","20623","21880","20221128"
"20221125","7호선","대림(구로구청)","8340","8573","20221128"
"20221125","7호선","도봉산","10024","11359","20221128"
"20221125","7호선","뚝섬유원지","8795","8535","20221128"
"20221125","7호선","마들","14546","13465","20221128"
"20221125","7호선","먹골","10938","10696","20221128"
"20221125","7호선","면목","17205","16511","20221128"
"20221125","7호선","반포","7124","6663","20221128"
"20221125","7호선","보라매","8373","8355","20221128"
"20221125","7호선","사가정","17680","17594","20221128"
"20221125","7호선","상도","13647","12826","20221128"
"20221125","7호선","상봉(시외버스터미널)","18636","18359","20221128"
"20221125","7호선","수락산","13816","13520","20221128"
"20221125","7호선","숭실대입구(살피재)","15765","15315","20221128"
"20221125","7호선","신대방삼거리","16654","15594","20221128"
"20221125","7호선","신풍","12603","11931","20221128"
"20221125","7호선","어린이대공원(세종대)","17989","17453","20221128"
"20221125","7호선","온수(성공회대입구)","11733","10912","20221128"
"20221125","7호선","용마산(용마폭포공원)","6470","6116","20221128"
"20221125","7호선","이수","18237","17467","20221128"
"20221125","7호선","장승배기","10022","9750","20221128"
"20221125","7호선","장암","2571","1079","20221128"
"20221125","7호선","중계","16220","14572","20221128"
"20221125","7호선","중곡","12163","11032","20221128"
"20221125","7호선","중화","11744","11306","20221128"
"20221125","7호선","천왕","12688","11976","20221128"
"20221125","7호선","철산","23611","24409","20221128"
"20221125","7호선","청담","21718","24478","20221128"
"20221125","7호선","태릉입구","10250","9284","20221128"
"20221125","7호선","하계","19562","18270","20221128"
"20221125","7호선","학동","25343","27182","20221128"
"20221124","7호선","가산디지털단지","48630","48655","20221127"
"20221124","7호선","강남구청","18855","20630","20221127"
"20221124","7호선","건대입구","14135","14856","20221127"
"20221124","7호선","고속터미널","17703","14754","20221127"
"20221124","7호선","공릉(서울과학기술대)","13437","13208","20221127"
"20221124","7호선","광명사거리","23053","22600","20221127"
"20221124","7호선","군자(능동)","16195","12962","20221127"
"20221124","7호선","남구로","16556","17488","20221127"
"20221124","7호선","남성","12579","11698","20221127"
"20221124","7호선","내방","16288","16624","20221127"
"20221124","7호선","노원","20655","21799","20221127"
"20221124","7호선","논현","20540","21164","20221127"
"20221124","7호선","대림(구로구청)","8130","8133","20221127"
"20221124","7호선","도봉산","10782","11821","20221127"
"20221124","7호선","뚝섬유원지","8448","8218","20221127"
"20221124","7호선","마들","14489","13586","20221127"
"20221124","7호선","먹골","10928","10876","20221127"
"20221124","7호선","면목","17507","17034","20221127"
"20221124","7호선","반포","6789","6611","20221127"
"20221124","7호선","보라매","7894","8168","20221127"
"20221124","7호선","사가정","17585","17690","20221127"
"20221124","7호선","상도","13670","13447","20221127"
"20221124","7호선","상봉(시외버스터미널)","18155","17622","20221127"
"20221124","7호선","수락산","14050","13857","20221127"
"20221124","7호선","숭실대입구(살피재)","16640","16970","20221127"
"20221124","7호선","신대방삼거리","16571","15768","20221127"
"20221124","7호선","신풍","12411","11856","20221127"
"20221124","7호선","어린이대공원(세종대)","19184","19594","20221127"
"20221124","7호선","온수(성공회대입구)","12004","11164","20221127"
"20221124","7호선","용마산(용마폭포공원)","6394","6319","20221127"
"20221124","7호선","이수","17201","16208","20221127"
"20221124","7호선","장승배기","9902","9734","20221127"
"20221124","7호선","장암","2707","1066","20221127"
"20221124","7호선","중계","16392","14987","20221127"
"20221124","7호선","중곡","11798","11092","20221127"
"20221124","7호선","중화","11558","11464","20221127"
"20221124","7호선","천왕","12766","12267","20221127"
"20221124","7호선","철산","23178","23870","20221127"
"20221124","7호선","청담","22135","24688","20221127"
"20221124","7호선","태릉입구","10307","9619","20221127"
"20221124","7호선","하계","19966","18610","20221127"
"20221124","7호선","학동","26880","28315","20221127"
"20221123","7호선","가산디지털단지","48665","48943","20221126"
"20221123","7호선","강남구청","18789","20777","20221126"
"20221123","7호선","건대입구","14096","14603","20221126"
"20221123","7호선","고속터미널","16567","14312","20221126"
"20221123","7호선","공릉(서울과학기술대)","13354","13334","20221126"
"20221123","7호선","광명사거리","22897","22685","20221126"
"20221123","7호선","군자(능동)","16238","13028","20221126"
"20221123","7호선","남구로","16610","17575","20221126"
"20221123","7호선","남성","12591","11765","20221126"
"20221123","7호선","내방","16565","16694","20221126"
"20221123","7호선","노원","20860","22007","20221126"
"20221123","7호선","논현","20350","21110","20221126"
"20221123","7호선","대림(구로구청)","8268","8470","20221126"
"20221123","7호선","도봉산","10822","11649","20221126"
"20221123","7호선","뚝섬유원지","8558","8245","20221126"
"20221123","7호선","마들","14421","13380","20221126"
"20221123","7호선","먹골","10822","10676","20221126"
"20221123","7호선","면목","17345","16837","20221126"
"20221123","7호선","반포","6871","6670","20221126"
"20221123","7호선","보라매","7923","8307","20221126"
"20221123","7호선","사가정","17321","17201","20221126"
"20221123","7호선","상도","13580","13364","20221126"
"20221123","7호선","상봉(시외버스터미널)","17966","17046","20221126"
"20221123","7호선","수락산","13515","13277","20221126"
"20221123","7호선","숭실대입구(살피재)","17077","17227","20221126"
"20221123","7호선","신대방삼거리","16496","15727","20221126"
"20221123","7호선","신풍","12530","11923","20221126"
"20221123","7호선","어린이대공원(세종대)","18870","19487","20221126"
"20221123","7호선","온수(성공회대입구)","12184","11137","20221126"
"20221123","7호선","용마산(용마폭포공원)","6475","6223","20221126"
"20221123","7호선","이수","17153","16370","20221126"
"20221123","7호선","장승배기","9933","9720","20221126"
"20221123","7호선","장암","2768","1063","20221126"
"20221123","7호선","중계","16192","14526","20221126"
"20221123","7호선","중곡","12167","11075","20221126"
"20221123","7호선","중화","11488","11400","20221126"
"20221123","7호선","천왕","12863","12269","20221126"
"20221123","7호선","철산","23416","23799","20221126"
"20221123","7호선","청담","21736","24647","20221126"
"20221123","7호선","태릉입구","10220","9642","20221126"
"20221123","7호선","하계","20106","19031","20221126"
"20221123","7호선","학동","26703","28333","20221126"
"20221122","7호선","가산디지털단지","48694","48971","20221125"
"20221122","7호선","강남구청","18398","20425","20221125"
"20221122","7호선","건대입구","14167","14635","20221125"
"20221122","7호선","고속터미널","16684","14341","20221125"
"20221122","7호선","공릉(서울과학기술대)","13354","13318","20221125"
"20221122","7호선","광명사거리","22437","22124","20221125"
"20221122","7호선","군자(능동)","15992","12803","20221125"
"20221122","7호선","남구로","16723","17640","20221125"
"20221122","7호선","남성","12616","11861","20221125"
"20221122","7호선","내방","16192","16535","20221125"
"20221122","7호선","노원","20255","21432","20221125"
"20221122","7호선","논현","20436","21125","20221125"
"20221122","7호선","대림(구로구청)","8159","8143","20221125"
"20221122","7호선","도봉산","10768","11469","20221125"
"20221122","7호선","뚝섬유원지","8025","7829","20221125"
"20221122","7호선","마들","14104","13153","20221125"
"20221122","7호선","먹골","10729","10546","20221125"
"20221122","7호선","면목","17454","17152","20221125"
"20221122","7호선","반포","6573","6479","20221125"
"20221122","7호선","보라매","7996","8091","20221125"
"20221122","7호선","사가정","17524","17589","20221125"
"20221122","7호선","상도","13383","13215","20221125"
"20221122","7호선","상봉(시외버스터미널)","17675","16830","20221125"
"20221122","7호선","수락산","13357","13198","20221125"
"20221122","7호선","숭실대입구(살피재)","17002","17082","20221125"
"20221122","7호선","신대방삼거리","16328","15658","20221125"
"20221122","7호선","신풍","12717","11967","20221125"
"20221122","7호선","어린이대공원(세종대)","18568","19227","20221125"
"20221122","7호선","온수(성공회대입구)","12037","11037","20221125"
"20221122","7호선","용마산(용마폭포공원)","6434","6223","20221125"
"20221122","7호선","이수","16856","16063","20221125"
"20221122","7호선","장승배기","9597","9675","20221125"
"20221122","7호선","장암","2721","952","20221125"
"20221122","7호선","중계","15935","14449","20221125"
"20221122","7호선","중곡","11935","11034","20221125"
"20221122","7호선","중화","11383","11458","20221125"
"20221122","7호선","천왕","12824","12293","20221125"
"20221122","7호선","철산","23746","24298","20221125"
"20221122","7호선","청담","21837","24330","20221125"
"20221122","7호선","태릉입구","10199","9636","20221125"
"20221122","7호선","하계","19277","18218","20221125"
"20221122","7호선","학동","26843","28150","20221125"
"20221121","7호선","가산디지털단지","48263","48114","20221124"
"20221121","7호선","강남구청","17350","19381","20221124"
"20221121","7호선","건대입구","13603","14052","20221124"
"20221121","7호선","고속터미널","17742","14502","20221124"
"20221121","7호선","공릉(서울과학기술대)","15273","14673","20221124"
"20221121","7호선","광명사거리","22125","21875","20221124"
"20221121","7호선","군자(능동)","15723","12595","20221124"
"20221121","7호선","남구로","16895","17627","20221124"
"20221121","7호선","남성","12116","11431","20221124"
"20221121","7호선","내방","15782","16072","20221124"
"20221121","7호선","노원","20456","21532","20221124"
"20221121","7호선","논현","19699","20192","20221124"
"20221121","7호선","대림(구로구청)","8514","8342","20221124"
"20221121","7호선","도봉산","10563","11145","20221124"
"20221121","7호선","뚝섬유원지","8127","7833","20221124"
"20221121","7호선","마들","13997","13009","20221124"
"20221121","7호선","먹골","10637","10483","20221124"
"20221121","7호선","면목","17139","16618","20221124"
"20221121","7호선","반포","6619","6589","20221124"
"20221121","7호선","보라매","7855","8021","20221124"
"20221121","7호선","사가정","16887","17091","20221124"
"20221121","7호선","상도","13000","13069","20221124"
"20221121","7호선","상봉(시외버스터미널)","17458","16584","20221124"
"20221121","7호선","수락산","13265","13059","20221124"
"20221121","7호선","숭실대입구(살피재)","16509","16920","20221124"
"20221121","7호선","신대방삼거리","16127","15365","20221124"
"20221121","7호선","신풍","12250","11594","20221124"
"20221121","7호선","어린이대공원(세종대)","18396","19509","20221124"
"20221121","7호선","온수(성공회대입구)","11776","10910","20221124"
"20221121","7호선","용마산(용마폭포공원)","6298","6136","20221124"
"20221121","7호선","이수","16128","15317","20221124"
"20221121","7호선","장승배기","9728","9651","20221124"
"20221121","7호선","장암","2644","946","20221124"
"20221121","7호선","중계","15924","14507","20221124"
"20221121","7호선","중곡","11483","10573","20221124"
"20221121","7호선","중화","11353","11247","20221124"
"20221121","7호선","천왕","12544","12064","20221124"
"20221121","7호선","철산","22649","23015","20221124"
"20221121","7호선","청담","21492","23782","20221124"
"20221121","7호선","태릉입구","10026","9595","20221124"
"20221121","7호선","하계","19702","18108","20221124"
"20221121","7호선","학동","25868","27144","20221124"
"20221120","7호선","가산디지털단지","12031","11066","20221123"
"20221120","7호선","강남구청","6358","7107","20221123"
"20221120","7호선","건대입구","9017","9738","20221123"
"20221120","7호선","고속터미널","16819","10430","20221123"
"20221120","7호선","공릉(서울과학기술대)","7201","7371","20221123"
"20221120","7호선","광명사거리","13316","13295","20221123"
"20221120","7호선","군자(능동)","8803","6765","20221123"
"20221120","7호선","남구로","7422","7230","20221123"
"20221120","7호선","남성","5963","5973","20221123"
"20221120","7호선","내방","5771","5819","20221123"
"20221120","7호선","노원","11548","11756","20221123"
"20221120","7호선","논현","6174","6256","20221123"
"20221120","7호선","대림(구로구청)","8927","8216","20221123"
"20221120","7호선","도봉산","6609","8324","20221123"
"20221120","7호선","뚝섬유원지","7474","6853","20221123"
"20221120","7호선","마들","6654","6065","20221123"
"20221120","7호선","먹골","5871","5746","20221123"
"20221120","7호선","면목","8609","8574","20221123"
"20221120","7호선","반포","3227","3151","20221123"
"20221120","7호선","보라매","3943","4124","20221123"
"20221120","7호선","사가정","9953","9784","20221123"
"20221120","7호선","상도","6166","6562","20221123"
"20221120","7호선","상봉(시외버스터미널)","10436","9797","20221123"
"20221120","7호선","수락산","8632","8621","20221123"
"20221120","7호선","숭실대입구(살피재)","6772","7040","20221123"
"20221120","7호선","신대방삼거리","8210","8083","20221123"
"20221120","7호선","신풍","6790","6272","20221123"
"20221120","7호선","어린이대공원(세종대)","9392","9387","20221123"
"20221120","7호선","온수(성공회대입구)","4318","4369","20221123"
"20221120","7호선","용마산(용마폭포공원)","3821","4155","20221123"
"20221120","7호선","이수","9457","8684","20221123"
"20221120","7호선","장승배기","4779","4923","20221123"
"20221120","7호선","장암","1551","944","20221123"
"20221120","7호선","중계","8062","6803","20221123"
"20221120","7호선","중곡","5674","5388","20221123"
"20221120","7호선","중화","6071","5964","20221123"
"20221120","7호선","천왕","5553","5398","20221123"
"20221120","7호선","철산","11845","11841","20221123"
"20221120","7호선","청담","7835","8435","20221123"
"20221120","7호선","태릉입구","5641","5370","20221123"
"20221120","7호선","하계","10175","9655","20221123"
"20221120","7호선","학동","7881","8397","20221123"
"20221119","7호선","가산디지털단지","16176","14456","20221122"
"20221119","7호선","강남구청","11448","12718","20221122"
"20221119","7호선","건대입구","17751","18200","20221122"
"20221119","7호선","고속터미널","18524","13936","20221122"
"20221119","7호선","공릉(서울과학기술대)","9798","9354","20221122"
"20221119","7호선","광명사거리","17401","17379","20221122"
"20221119","7호선","군자(능동)","11814","8616","20221122"
"20221119","7호선","남구로","8947","9329","20221122"
"20221119","7호선","남성","8335","7562","20221122"
"20221119","7호선","내방","8676","8581","20221122"
"20221119","7호선","노원","17233","17914","20221122"
"20221119","7호선","논현","10954","11485","20221122"
"20221119","7호선","대림(구로구청)","7636","8561","20221122"
"20221119","7호선","도봉산","7794","9677","20221122"
"20221119","7호선","뚝섬유원지","9111","8411","20221122"
"20221119","7호선","마들","9781","8638","20221122"
"20221119","7호선","먹골","8209","7705","20221122"
"20221119","7호선","면목","11832","10783","20221122"
"20221119","7호선","반포","5387","5049","20221122"
"20221119","7호선","보라매","5822","5892","20221122"
"20221119","7호선","사가정","13243","12448","20221122"
"20221119","7호선","상도","8991","8194","20221122"
"20221119","7호선","상봉(시외버스터미널)","14340","13685","20221122"
"20221119","7호선","수락산","10817","10546","20221122"
"20221119","7호선","숭실대입구(살피재)","11814","10929","20221122"
"20221119","7호선","신대방삼거리","11431","10435","20221122"
"20221119","7호선","신풍","8734","8390","20221122"
"20221119","7호선","어린이대공원(세종대)","15427","15322","20221122"
"20221119","7호선","온수(성공회대입구)","6004","5924","20221122"
"20221119","7호선","용마산(용마폭포공원)","4930","5192","20221122"
"20221119","7호선","이수","13534","12906","20221122"
"20221119","7호선","장승배기","7075","6654","20221122"
"20221119","7호선","장암","1922","1383","20221122"
"20221119","7호선","중계","11172","9964","20221122"
"20221119","7호선","중곡","7511","6818","20221122"
"20221119","7호선","중화","8541","8092","20221122"
"20221119","7호선","천왕","7699","7173","20221122"
"20221119","7호선","철산","16740","17035","20221122"
"20221119","7호선","청담","13371","14671","20221122"
"20221119","7호선","태릉입구","7815","7094","20221122"
"20221119","7호선","하계","13809","12573","20221122"
"20221119","7호선","학동","12453","13343","20221122"
"20221118","7호선","가산디지털단지","47491","47145","20221121"
"20221118","7호선","강남구청","18216","20409","20221121"
"20221118","7호선","건대입구","14722","15711","20221121"
"20221118","7호선","고속터미널","20642","16232","20221121"
"20221118","7호선","공릉(서울과학기술대)","13704","12930","20221121"
"20221118","7호선","광명사거리","23514","23187","20221121"
"20221118","7호선","군자(능동)","16692","12919","20221121"
"20221118","7호선","남구로","16006","16811","20221121"
"20221118","7호선","남성","12817","11505","20221121"
"20221118","7호선","내방","15979","16220","20221121"
"20221118","7호선","노원","21944","23711","20221121"
"20221118","7호선","논현","20363","21396","20221121"
"20221118","7호선","대림(구로구청)","8329","8705","20221121"
"20221118","7호선","도봉산","10305","11425","20221121"
"20221118","7호선","뚝섬유원지","9035","8505","20221121"
"20221118","7호선","마들","13939","12732","20221121"
"20221118","7호선","먹골","11097","10826","20221121"
"20221118","7호선","면목","17367","16432","20221121"
"20221118","7호선","반포","6942","6713","20221121"
"20221118","7호선","보라매","7903","7840","20221121"
"20221118","7호선","사가정","17737","17495","20221121"
"20221118","7호선","상도","13891","13086","20221121"
"20221118","7호선","상동","1","0","20221121"
"20221118","7호선","상봉(시외버스터미널)","18495","18055","20221121"
"20221118","7호선","수락산","13707","13399","20221121"
"20221118","7호선","숭실대입구(살피재)","15951","15318","20221121"
"20221118","7호선","신대방삼거리","16658","15522","20221121"
"20221118","7호선","신풍","12402","11400","20221121"
"20221118","7호선","어린이대공원(세종대)","18244","17864","20221121"
"20221118","7호선","온수(성공회대입구)","11511","10477","20221121"
"20221118","7호선","용마산(용마폭포공원)","6365","5941","20221121"
"20221118","7호선","이수","17906","17191","20221121"
"20221118","7호선","장승배기","9949","9610","20221121"
"20221118","7호선","장암","2590","1087","20221121"
"20221118","7호선","중계","15816","14138","20221121"
"20221118","7호선","중곡","11281","10511","20221121"
"20221118","7호선","중화","11490","10977","20221121"
"20221118","7호선","천왕","12649","11859","20221121"
"20221118","7호선","철산","23725","24284","20221121"
"20221118","7호선","청담","21132","23728","20221121"
"20221118","7호선","태릉입구","10030","9345","20221121"
"20221118","7호선","하계","19394","17788","20221121"
"20221118","7호선","학동","25182","27027","20221121"
"20221117","7호선","가산디지털단지","48174","48382","20221120"
"20221117","7호선","강남구청","18487","20590","20221120"
"20221117","7호선","건대입구","14188","14720","20221120"
"20221117","7호선","고속터미널","16888","14155","20221120"
"20221117","7호선","공릉(서울과학기술대)","13185","13089","20221120"
"20221117","7호선","광명사거리","22766","22472","20221120"
"20221117","7호선","군자(능동)","15926","12639","20221120"
"20221117","7호선","까치울","1","0","20221120"
"20221117","7호선","남구로","16430","17326","20221120"
"20221117","7호선","남성","12622","11843","20221120"
"20221117","7호선","내방","16043","16387","20221120"
"20221117","7호선","노원","20754","21794","20221120"
"20221117","7호선","논현","19939","20795","20221120"
"20221117","7호선","대림(구로구청)","8250","8340","20221120"
"20221117","7호선","도봉산","10267","11766","20221120"
"20221117","7호선","뚝섬유원지","8925","8517","20221120"
"20221117","7호선","마들","14263","13271","20221120"
"20221117","7호선","먹골","10772","10522","20221120"
"20221117","7호선","면목","17139","16537","20221120"
"20221117","7호선","반포","6735","6582","20221120"
"20221117","7호선","보라매","8068","8312","20221120"
"20221117","7호선","사가정","17335","17289","20221120"
"20221117","7호선","상도","13449","13199","20221120"
"20221117","7호선","상봉(시외버스터미널)","17834","17220","20221120"
"20221117","7호선","수락산","13553","13489","20221120"
"20221117","7호선","숭실대입구(살피재)","16095","16058","20221120"
"20221117","7호선","신대방삼거리","16695","15636","20221120"
"20221117","7호선","신풍","12376","11520","20221120"
"20221117","7호선","어린이대공원(세종대)","18762","19270","20221120"
"20221117","7호선","온수(성공회대입구)","11530","10683","20221120"
"20221117","7호선","용마산(용마폭포공원)","6413","6021","20221120"
"20221117","7호선","이수","17002","16079","20221120"
"20221117","7호선","장승배기","9685","9494","20221120"
"20221117","7호선","장암","2642","1050","20221120"
"20221117","7호선","중계","15578","14226","20221120"
"20221117","7호선","중곡","11370","10585","20221120"
"20221117","7호선","중화","11357","11176","20221120"
"20221117","7호선","천왕","12669","11974","20221120"
"20221117","7호선","철산","23092","23504","20221120"
"20221117","7호선","청담","21461","23984","20221120"
"20221117","7호선","태릉입구","10321","9599","20221120"
"20221117","7호선","하계","19652","18272","20221120"
"20221117","7호선","학동","26274","27818","20221120"
"20221116","7호선","가산디지털단지","48995","49011","20221119"
"20221116","7호선","강남구청","18465","20722","20221119"
"20221116","7호선","건대입구","14060","14517","20221119"
"20221116","7호선","고속터미널","16420","14197","20221119"
"20221116","7호선","공릉(서울과학기술대)","13277","13208","20221119"
"20221116","7호선","광명사거리","22942","22481","20221119"
"20221116","7호선","군자(능동)","16101","12804","20221119"
"20221116","7호선","남구로","16858","17744","20221119"
"20221116","7호선","남성","12473","11593","20221119"
"20221116","7호선","내방","16415","16828","20221119"
"20221116","7호선","노원","21001","22234","20221119"
"20221116","7호선","논현","20351","21097","20221119"
"20221116","7호선","대림(구로구청)","8441","8441","20221119"
"20221116","7호선","도봉산","10248","11500","20221119"
"20221116","7호선","뚝섬유원지","8405","8032","20221119"
"20221116","7호선","마들","14370","13311","20221119"
"20221116","7호선","먹골","10869","10709","20221119"
"20221116","7호선","면목","17244","16794","20221119"
"20221116","7호선","반포","7068","6800","20221119"
"20221116","7호선","보라매","8136","8307","20221119"
"20221116","7호선","사가정","17311","17365","20221119"
"20221116","7호선","상도","13702","13282","20221119"
"20221116","7호선","상봉(시외버스터미널)","18018","17297","20221119"
"20221116","7호선","수락산","13658","13511","20221119"
"20221116","7호선","숭실대입구(살피재)","17149","17131","20221119"
"20221116","7호선","신대방삼거리","16676","15916","20221119"
"20221116","7호선","신풍","12636","11888","20221119"
"20221116","7호선","어린이대공원(세종대)","18625","19463","20221119"
"20221116","7호선","온수(성공회대입구)","12103","11181","20221119"
"20221116","7호선","용마산(용마폭포공원)","6463","6185","20221119"
"20221116","7호선","이수","17408","16343","20221119"
"20221116","7호선","장승배기","10332","10153","20221119"
"20221116","7호선","장암","2662","1025","20221119"
"20221116","7호선","중계","16077","14680","20221119"
"20221116","7호선","중곡","12019","11153","20221119"
"20221116","7호선","중화","11763","11569","20221119"
"20221116","7호선","천왕","12817","12260","20221119"
"20221116","7호선","철산","23437","24014","20221119"
"20221116","7호선","청담","21679","24189","20221119"
"20221116","7호선","태릉입구","10310","9729","20221119"
"20221116","7호선","하계","19932","18818","20221119"
"20221116","7호선","학동","26250","28085","20221119"
"20221115","7호선","가산디지털단지","48951","49140","20221118"
"20221115","7호선","강남구청","18296","20647","20221118"
"20221115","7호선","건대입구","14154","14992","20221118"
"20221115","7호선","고속터미널","16342","14431","20221118"
"20221115","7호선","공릉(서울과학기술대)","13328","13135","20221118"
"20221115","7호선","광명사거리","22271","22016","20221118"
"20221115","7호선","군자(능동)","16115","12998","20221118"
"20221115","7호선","남구로","16823","17705","20221118"
"20221115","7호선","남성","12660","11964","20221118"
"20221115","7호선","내방","16380","16587","20221118"
"20221115","7호선","노원","20712","21565","20221118"
"20221115","7호선","논현","20293","21150","20221118"
"20221115","7호선","대림(구로구청)","8389","8431","20221118"
"20221115","7호선","도봉산","10361","11643","20221118"
"20221115","7호선","뚝섬유원지","7883","7721","20221118"
"20221115","7호선","마들","14218","13321","20221118"
"20221115","7호선","먹골","10841","10613","20221118"
"20221115","7호선","면목","17593","17027","20221118"
"20221115","7호선","반포","6696","6560","20221118"
"20221115","7호선","보라매","8045","8254","20221118"
"20221115","7호선","사가정","17620","17642","20221118"
"20221115","7호선","상도","13472","13444","20221118"
"20221115","7호선","상봉(시외버스터미널)","17729","16787","20221118"
"20221115","7호선","수락산","13560","13544","20221118"
"20221115","7호선","숭실대입구(살피재)","16952","17099","20221118"
"20221115","7호선","신대방삼거리","16437","15636","20221118"
"20221115","7호선","신풍","12435","11810","20221118"
"20221115","7호선","어린이대공원(세종대)","19180","19734","20221118"
"20221115","7호선","온수(성공회대입구)","11917","11032","20221118"
"20221115","7호선","용마산(용마폭포공원)","6374","6184","20221118"
"20221115","7호선","이수","16797","15889","20221118"
"20221115","7호선","장승배기","9665","9653","20221118"
"20221115","7호선","장암","2700","1003","20221118"
"20221115","7호선","중계","15989","14809","20221118"
"20221115","7호선","중곡","11520","10857","20221118"
"20221115","7호선","중화","11457","11382","20221118"
"20221115","7호선","천왕","12807","12258","20221118"
"20221115","7호선","철산","22789","23232","20221118"
"20221115","7호선","청담","21900","24537","20221118"
"20221115","7호선","태릉입구","10324","9588","20221118"
"20221115","7호선","하계","18995","17938","20221118"
"20221115","7호선","학동","26383","27987","20221118"
"20221114","7호선","가산디지털단지","48560","48468","20221117"
"20221114","7호선","강남구청","17305","19094","20221117"
"20221114","7호선","건대입구","13557","14106","20221117"
"20221114","7호선","고속터미널","17218","14180","20221117"
"20221114","7호선","공릉(서울과학기술대)","12855","12869","20221117"
"20221114","7호선","광명사거리","22287","21782","20221117"
"20221114","7호선","군자(능동)","15559","12410","20221117"
"20221114","7호선","남구로","16811","17568","20221117"
"20221114","7호선","남성","12068","11474","20221117"
"20221114","7호선","내방","15841","16054","20221117"
"20221114","7호선","노원","20090","21194","20221117"
"20221114","7호선","논현","19788","20275","20221117"
"20221114","7호선","대림(구로구청)","8534","8493","20221117"
"20221114","7호선","도봉산","10075","11077","20221117"
"20221114","7호선","뚝섬유원지","7749","7523","20221117"
"20221114","7호선","마들","13782","12827","20221117"
"20221114","7호선","먹골","10521","10412","20221117"
"20221114","7호선","면목","16880","16576","20221117"
"20221114","7호선","반포","6452","6374","20221117"
"20221114","7호선","보라매","7773","7949","20221117"
"20221114","7호선","사가정","16992","17144","20221117"
"20221114","7호선","상도","13089","13081","20221117"
"20221114","7호선","상봉(시외버스터미널)","17250","16436","20221117"
"20221114","7호선","수락산","13088","13030","20221117"
"20221114","7호선","숭실대입구(살피재)","16362","16664","20221117"
"20221114","7호선","신대방삼거리","15871","15474","20221117"
"20221114","7호선","신풍","12149","11503","20221117"
"20221114","7호선","어린이대공원(세종대)","18083","18980","20221117"
"20221114","7호선","온수(성공회대입구)","11681","10855","20221117"
"20221114","7호선","용마산(용마폭포공원)","6270","6080","20221117"
"20221114","7호선","이수","16332","15338","20221117"
"20221114","7호선","장승배기","9867","9626","20221117"
"20221114","7호선","장암","2639","961","20221117"
"20221114","7호선","중계","15561","14246","20221117"
"20221114","7호선","중곡","11237","10581","20221117"
"20221114","7호선","중화","11151","11076","20221117"
"20221114","7호선","천왕","12407","11855","20221117"
"20221114","7호선","철산","22588","22984","20221117"
"20221114","7호선","청담","21227","23297","20221117"
"20221114","7호선","태릉입구","9780","9282","20221117"
"20221114","7호선","하계","18900","17642","20221117"
"20221114","7호선","학동","25739","26827","20221117"
"20221113","7호선","가산디지털단지","12214","11154","20221116"
"20221113","7호선","강남구청","6335","7141","20221116"
"20221113","7호선","건대입구","7933","8777","20221116"
"20221113","7호선","고속터미널","16324","9433","20221116"
"20221113","7호선","공릉(서울과학기술대)","6505","6812","20221116"
"20221113","7호선","광명사거리","12970","12911","20221116"
"20221113","7호선","군자(능동)","8294","6414","20221116"
"20221113","7호선","남구로","7262","7202","20221116"
"20221113","7호선","남성","5681","5800","20221116"
"20221113","7호선","내방","5348","5597","20221116"
"20221113","7호선","노원","11274","11564","20221116"
"20221113","7호선","논현","6016","6031","20221116"
"20221113","7호선","대림(구로구청)","9162","8437","20221116"
"20221113","7호선","도봉산","5202","7195","20221116"
"20221113","7호선","뚝섬유원지","5581","5283","20221116"
"20221113","7호선","마들","6138","5545","20221116"
"20221113","7호선","먹골","5567","5420","20221116"
"20221113","7호선","면목","8165","7900","20221116"
"20221113","7호선","반포","2999","3052","20221116"
"20221113","7호선","보라매","4169","4193","20221116"
"20221113","7호선","사가정","8920","8741","20221116"
"20221113","7호선","상도","6051","6299","20221116"
"20221113","7호선","상봉(시외버스터미널)","9542","8836","20221116"
"20221113","7호선","수락산","7753","7576","20221116"
"20221113","7호선","숭실대입구(살피재)","6387","6814","20221116"
"20221113","7호선","신대방삼거리","7974","7923","20221116"
"20221113","7호선","신풍","6826","6504","20221116"
"20221113","7호선","어린이대공원(세종대)","8418","8597","20221116"
"20221113","7호선","온수(성공회대입구)","4187","4354","20221116"
"20221113","7호선","용마산(용마폭포공원)","3093","3305","20221116"
"20221113","7호선","이수","9047","8349","20221116"
"20221113","7호선","장승배기","4800","4857","20221116"
"20221113","7호선","장암","1252","748","20221116"
"20221113","7호선","중계","7086","6500","20221116"
"20221113","7호선","중곡","5525","5264","20221116"
"20221113","7호선","중화","5820","5690","20221116"
"20221113","7호선","천왕","5420","5264","20221116"
"20221113","7호선","철산","11512","11438","20221116"
"20221113","7호선","청담","7347","8072","20221116"
"20221113","7호선","태릉입구","5354","5202","20221116"
"20221113","7호선","하계","9631","9279","20221116"
"20221113","7호선","학동","7565","8055","20221116"
"20221112","7호선","가산디지털단지","15888","13940","20221115"
"20221112","7호선","강남구청","10937","12274","20221115"
"20221112","7호선","건대입구","11746","12935","20221115"
"20221112","7호선","고속터미널","18533","13550","20221115"
"20221112","7호선","공릉(서울과학기술대)","9533","9145","20221115"
"20221112","7호선","광명사거리","16941","16633","20221115"
"20221112","7호선","군자(능동)","11474","8555","20221115"
"20221112","7호선","남구로","8621","9378","20221115"
"20221112","7호선","남성","8220","7668","20221115"
"20221112","7호선","내방","8395","8315","20221115"
"20221112","7호선","노원","16570","16403","20221115"
"20221112","7호선","논현","10193","11077","20221115"
"20221112","7호선","대림(구로구청)","7967","8550","20221115"
"20221112","7호선","도봉산","6824","9170","20221115"
"20221112","7호선","뚝섬유원지","6087","5852","20221115"
"20221112","7호선","마들","9301","8713","20221115"
"20221112","7호선","먹골","7903","7510","20221115"
"20221112","7호선","면목","11360","10775","20221115"
"20221112","7호선","반포","5057","4895","20221115"
"20221112","7호선","보라매","5820","5782","20221115"
"20221112","7호선","사가정","12649","12127","20221115"
"20221112","7호선","상도","8816","7932","20221115"
"20221112","7호선","상봉(시외버스터미널)","13997","13302","20221115"
"20221112","7호선","수락산","10408","10269","20221115"
"20221112","7호선","숭실대입구(살피재)","9622","9511","20221115"
"20221112","7호선","신대방삼거리","11278","10664","20221115"
"20221112","7호선","신풍","8794","8290","20221115"
"20221112","7호선","어린이대공원(세종대)","11933","11202","20221115"
"20221112","7호선","온수(성공회대입구)","5770","5761","20221115"
"20221112","7호선","용마산(용마폭포공원)","4569","4629","20221115"
"20221112","7호선","이수","13017","12144","20221115"
"20221112","7호선","장승배기","6928","6666","20221115"
"20221112","7호선","장암","1715","1159","20221115"
"20221112","7호선","중계","10006","9086","20221115"
"20221112","7호선","중곡","7139","6775","20221115"
"20221112","7호선","중화","8256","7803","20221115"
"20221112","7호선","천왕","7365","6902","20221115"
"20221112","7호선","철산","16288","16363","20221115"
"20221112","7호선","청담","12602","13739","20221115"
"20221112","7호선","태릉입구","7362","6415","20221115"
"20221112","7호선","하계","13121","12543","20221115"
"20221112","7호선","학동","12255","13014","20221115"
"20221111","7호선","가산디지털단지","47382","47311","20221114"
"20221111","7호선","강남구청","18562","20854","20221114"
"20221111","7호선","건대입구","14613","15860","20221114"
"20221111","7호선","고속터미널","20661","16095","20221114"
"20221111","7호선","공릉(서울과학기술대)","14105","13440","20221114"
"20221111","7호선","광명사거리","23381","22906","20221114"
"20221111","7호선","군자(능동)","16812","12954","20221114"
"20221111","7호선","까치울","1","0","20221114"
"20221111","7호선","남구로","16192","17239","20221114"
"20221111","7호선","남성","12765","11625","20221114"
"20221111","7호선","내방","16223","16339","20221114"
"20221111","7호선","노원","21899","23703","20221114"
"20221111","7호선","논현","20731","22065","20221114"
"20221111","7호선","대림(구로구청)","8452","8834","20221114"
"20221111","7호선","도봉산","10237","11666","20221114"
"20221111","7호선","뚝섬유원지","9611","8951","20221114"
"20221111","7호선","마들","14520","13415","20221114"
"20221111","7호선","먹골","11139","10759","20221114"
"20221111","7호선","면목","17526","16568","20221114"
"20221111","7호선","반포","7106","6774","20221114"
"20221111","7호선","보라매","8243","8313","20221114"
"20221111","7호선","사가정","17985","17892","20221114"
"20221111","7호선","상도","13923","13132","20221114"
"20221111","7호선","상봉(시외버스터미널)","18658","18305","20221114"
"20221111","7호선","수락산","14009","13660","20221114"
"20221111","7호선","숭실대입구(살피재)","15628","15249","20221114"
"20221111","7호선","신대방삼거리","16792","15644","20221114"
"20221111","7호선","신풍","12729","11767","20221114"
"20221111","7호선","어린이대공원(세종대)","18224","17605","20221114"
"20221111","7호선","온수(성공회대입구)","11660","10762","20221114"
"20221111","7호선","용마산(용마폭포공원)","6671","6283","20221114"
"20221111","7호선","이수","18527","17368","20221114"
"20221111","7호선","장승배기","10265","9886","20221114"
"20221111","7호선","장암","2718","1177","20221114"
"20221111","7호선","중계","16272","14342","20221114"
"20221111","7호선","중곡","12169","11054","20221114"
"20221111","7호선","중화","11924","11509","20221114"
"20221111","7호선","천왕","12935","12111","20221114"
"20221111","7호선","철산","23797","24656","20221114"
"20221111","7호선","청담","21755","24385","20221114"
"20221111","7호선","태릉입구","10296","9346","20221114"
"20221111","7호선","하계","19632","18201","20221114"
"20221111","7호선","학동","25465","27268","20221114"
"20221110","7호선","가산디지털단지","48752","49394","20221113"
"20221110","7호선","강남구청","18569","20812","20221113"
"20221110","7호선","건대입구","14103","14682","20221113"
"20221110","7호선","고속터미널","17504","14778","20221113"
"20221110","7호선","공릉(서울과학기술대)","13564","13378","20221113"
"20221110","7호선","광명사거리","22949","22602","20221113"
"20221110","7호선","군자(능동)","17377","12895","20221113"
"20221110","7호선","남구로","16632","17583","20221113"
"20221110","7호선","남성","12612","11787","20221113"
"20221110","7호선","내방","16619","16731","20221113"
"20221110","7호선","노원","20202","21693","20221113"
"20221110","7호선","논현","20394","21211","20221113"
"20221110","7호선","대림(구로구청)","8437","8576","20221113"
"20221110","7호선","도봉산","10283","11838","20221113"
"20221110","7호선","뚝섬유원지","8454","8229","20221113"
"20221110","7호선","마들","14389","13365","20221113"
"20221110","7호선","먹골","10883","10639","20221113"
"20221110","7호선","면목","17635","16907","20221113"
"20221110","7호선","반포","6840","6610","20221113"
"20221110","7호선","보라매","8110","8289","20221113"
"20221110","7호선","사가정","17845","17614","20221113"
"20221110","7호선","상도","13806","13460","20221113"
"20221110","7호선","상봉(시외버스터미널)","18015","17236","20221113"
"20221110","7호선","수락산","13973","13646","20221113"
"20221110","7호선","숭실대입구(살피재)","16562","16779","20221113"
"20221110","7호선","신대방삼거리","16391","15577","20221113"
"20221110","7호선","신풍","12399","11789","20221113"
"20221110","7호선","어린이대공원(세종대)","19233","19480","20221113"
"20221110","7호선","온수(성공회대입구)","12104","11247","20221113"
"20221110","7호선","용마산(용마폭포공원)","6594","6263","20221113"
"20221110","7호선","이수","17175","16321","20221113"
"20221110","7호선","장승배기","9904","9672","20221113"
"20221110","7호선","장암","2738","1092","20221113"
"20221110","7호선","중계","16584","14945","20221113"
"20221110","7호선","중곡","11986","11064","20221113"
"20221110","7호선","중화","11482","11399","20221113"
"20221110","7호선","천왕","13018","12428","20221113"
"20221110","7호선","철산","23376","23679","20221113"
"20221110","7호선","청담","21684","24330","20221113"
"20221110","7호선","태릉입구","10339","9712","20221113"
"20221110","7호선","하계","19481","18128","20221113"
"20221110","7호선","학동","26422","28104","20221113"
"20221109","7호선","가산디지털단지","48801","49198","20221112"
"20221109","7호선","강남구청","18589","20559","20221112"
"20221109","7호선","건대입구","14059","14464","20221112"
"20221109","7호선","고속터미널","16188","14086","20221112"
"20221109","7호선","공릉(서울과학기술대)","13423","13391","20221112"
"20221109","7호선","광명사거리","22957","22642","20221112"
"20221109","7호선","군자(능동)","17231","13027","20221112"
"20221109","7호선","남구로","17013","17786","20221112"
"20221109","7호선","남성","12597","11698","20221112"
"20221109","7호선","내방","16563","16745","20221112"
"20221109","7호선","노원","20747","21895","20221112"
"20221109","7호선","논현","20402","20989","20221112"
"20221109","7호선","대림(구로구청)","8358","8469","20221112"
"20221109","7호선","도봉산","10627","12091","20221112"
"20221109","7호선","뚝섬유원지","8368","8230","20221112"
"20221109","7호선","마들","14424","13377","20221112"
"20221109","7호선","먹골","11049","10779","20221112"
"20221109","7호선","면목","17563","17071","20221112"
"20221109","7호선","반포","6674","6514","20221112"
"20221109","7호선","보라매","8179","8351","20221112"
"20221109","7호선","부천시청","1","0","20221112"
"20221109","7호선","사가정","17922","17682","20221112"
"20221109","7호선","상도","13699","13549","20221112"
"20221109","7호선","상봉(시외버스터미널)","18055","17103","20221112"
"20221109","7호선","수락산","13759","13573","20221112"
"20221109","7호선","숭실대입구(살피재)","17194","17327","20221112"
"20221109","7호선","신대방삼거리","16667","15958","20221112"
"20221109","7호선","신풍","12557","11796","20221112"
"20221109","7호선","어린이대공원(세종대)","18953","19359","20221112"
"20221109","7호선","온수(성공회대입구)","12315","11239","20221112"
"20221109","7호선","용마산(용마폭포공원)","6538","6348","20221112"
"20221109","7호선","이수","17483","16419","20221112"
"20221109","7호선","장승배기","10003","9826","20221112"
"20221109","7호선","장암","2635","1022","20221112"
"20221109","7호선","중계","16695","15271","20221112"
"20221109","7호선","중곡","11736","11041","20221112"
"20221109","7호선","중화","11733","11563","20221112"
"20221109","7호선","천왕","12928","12433","20221112"
"20221109","7호선","철산","23287","23707","20221112"
"20221109","7호선","청담","21909","24329","20221112"
"20221109","7호선","태릉입구","10306","9627","20221112"
"20221109","7호선","하계","20509","19390","20221112"
"20221109","7호선","학동","26644","27984","20221112"
"20221108","7호선","가산디지털단지","49547","50050","20221111"
"20221108","7호선","강남구청","18413","20513","20221111"
"20221108","7호선","건대입구","14090","14557","20221111"
"20221108","7호선","고속터미널","16594","14450","20221111"
"20221108","7호선","공릉(서울과학기술대)","13581","13370","20221111"
"20221108","7호선","광명사거리","22723","22340","20221111"
"20221108","7호선","군자(능동)","17079","12973","20221111"
"20221108","7호선","남구로","17105","17833","20221111"
"20221108","7호선","남성","12726","11957","20221111"
"20221108","7호선","내방","16424","16621","20221111"
"20221108","7호선","노원","20784","22010","20221111"
"20221108","7호선","논현","20465","21159","20221111"
"20221108","7호선","대림(구로구청)","8467","8657","20221111"
"20221108","7호선","도봉산","10750","12298","20221111"
"20221108","7호선","뚝섬유원지","8666","8248","20221111"
"20221108","7호선","마들","14449","13399","20221111"
"20221108","7호선","먹골","10888","10631","20221111"
"20221108","7호선","면목","17704","17078","20221111"
"20221108","7호선","반포","6785","6538","20221111"
"20221108","7호선","보라매","8145","8343","20221111"
"20221108","7호선","사가정","17787","17596","20221111"
"20221108","7호선","상도","13874","13584","20221111"
"20221108","7호선","상봉(시외버스터미널)","17844","16984","20221111"
"20221108","7호선","수락산","13895","13729","20221111"
"20221108","7호선","숭실대입구(살피재)","17153","17344","20221111"
"20221108","7호선","신대방삼거리","16519","15980","20221111"
"20221108","7호선","신풍","12680","11824","20221111"
"20221108","7호선","어린이대공원(세종대)","19021","19440","20221111"
"20221108","7호선","온수(성공회대입구)","12719","11534","20221111"
"20221108","7호선","용마산(용마폭포공원)","6546","6218","20221111"
"20221108","7호선","이수","17044","16192","20221111"
"20221108","7호선","장승배기","10111","9826","20221111"
"20221108","7호선","장암","2725","967","20221111"
"20221108","7호선","중계","16414","15033","20221111"
"20221108","7호선","중곡","11910","10988","20221111"
"20221108","7호선","중화","11818","11699","20221111"
"20221108","7호선","천왕","13063","12492","20221111"
"20221108","7호선","철산","23341","23726","20221111"
"20221108","7호선","청담","22182","24556","20221111"
"20221108","7호선","태릉입구","10299","9502","20221111"
"20221108","7호선","하계","19837","18657","20221111"
"20221108","7호선","학동","26469","27662","20221111"
"20221107","7호선","가산디지털단지","50769","50322","20221110"
"20221107","7호선","강남구청","17694","19402","20221110"
"20221107","7호선","건대입구","13304","13929","20221110"
"20221107","7호선","고속터미널","18949","14796","20221110"
"20221107","7호선","공릉(서울과학기술대)","13487","13559","20221110"
"20221107","7호선","광명사거리","22542","22034","20221110"
"20221107","7호선","군자(능동)","16080","12652","20221110"
"20221107","7호선","남구로","17284","17906","20221110"
"20221107","7호선","남성","12297","11773","20221110"
"20221107","7호선","내방","16129","16193","20221110"
"20221107","7호선","노원","19661","20652","20221110"
"20221107","7호선","논현","20002","20503","20221110"
"20221107","7호선","대림(구로구청)","8707","8736","20221110"
"20221107","7호선","도봉산","10714","12760","20221110"
"20221107","7호선","뚝섬유원지","8010","7832","20221110"
"20221107","7호선","마들","14027","13138","20221110"
"20221107","7호선","먹골","10704","10504","20221110"
"20221107","7호선","면목","17209","16852","20221110"
"20221107","7호선","반포","6482","6453","20221110"
"20221107","7호선","보라매","8098","8472","20221110"
"20221107","7호선","사가정","17195","17310","20221110"
"20221107","7호선","상도","13460","13654","20221110"
"20221107","7호선","상봉(시외버스터미널)","17877","17161","20221110"
"20221107","7호선","수락산","13295","13257","20221110"
"20221107","7호선","숭실대입구(살피재)","16794","17172","20221110"
"20221107","7호선","신대방삼거리","16012","15507","20221110"
"20221107","7호선","신풍","12479","11828","20221110"
"20221107","7호선","어린이대공원(세종대)","18582","19703","20221110"
"20221107","7호선","온수(성공회대입구)","13935","12773","20221110"
"20221107","7호선","용마산(용마폭포공원)","6302","6078","20221110"
"20221107","7호선","이수","16717","15486","20221110"
"20221107","7호선","장승배기","10100","10047","20221110"
"20221107","7호선","장암","2771","1019","20221110"
"20221107","7호선","중계","16189","14878","20221110"
"20221107","7호선","중곡","11481","10637","20221110"
"20221107","7호선","중화","11813","11712","20221110"
"20221107","7호선","천왕","12865","12549","20221110"
"20221107","7호선","철산","23424","23176","20221110"
"20221107","7호선","청담","21384","23631","20221110"
"20221107","7호선","태릉입구","10059","9542","20221110"
"20221107","7호선","하계","19691","18595","20221110"
"20221107","7호선","학동","25998","27355","20221110"
"20221106","7호선","가산디지털단지","12660","11468","20221109"
"20221106","7호선","강남구청","6639","7315","20221109"
"20221106","7호선","건대입구","8511","9076","20221109"
"20221106","7호선","고속터미널","16324","9678","20221109"
"20221106","7호선","공릉(서울과학기술대)","6930","7230","20221109"
"20221106","7호선","광명사거리","13601","13237","20221109"
"20221106","7호선","군자(능동)","9189","6700","20221109"
"20221106","7호선","남구로","7548","7238","20221109"
"20221106","7호선","남성","5982","5989","20221109"
"20221106","7호선","내방","5693","5839","20221109"
"20221106","7호선","노원","11572","11583","20221109"
"20221106","7호선","논현","5789","6160","20221109"
"20221106","7호선","대림(구로구청)","9011","8382","20221109"
"20221106","7호선","도봉산","6252","9046","20221109"
"20221106","7호선","뚝섬유원지","6796","6423","20221109"
"20221106","7호선","마들","6584","6224","20221109"
"20221106","7호선","먹골","5674","5630","20221109"
"20221106","7호선","면목","8505","8497","20221109"
"20221106","7호선","반포","3239","3310","20221109"
"20221106","7호선","보라매","4102","4126","20221109"
"20221106","7호선","사가정","9527","9220","20221109"
"20221106","7호선","상도","6162","6433","20221109"
"20221106","7호선","상봉(시외버스터미널)","10466","10067","20221109"
"20221106","7호선","수락산","8923","8692","20221109"
"20221106","7호선","숭실대입구(살피재)","6546","7032","20221109"
"20221106","7호선","신대방삼거리","8158","8032","20221109"
"20221106","7호선","신풍","7077","6680","20221109"
"20221106","7호선","어린이대공원(세종대)","9048","9447","20221109"
"20221106","7호선","온수(성공회대입구)","4484","4629","20221109"
"20221106","7호선","용마산(용마폭포공원)","3652","4086","20221109"
"20221106","7호선","이수","8993","8419","20221109"
"20221106","7호선","장승배기","4970","4986","20221109"
"20221106","7호선","장암","1523","1082","20221109"
"20221106","7호선","중계","7612","6980","20221109"
"20221106","7호선","중곡","5875","5648","20221109"
"20221106","7호선","중화","6453","6429","20221109"
"20221106","7호선","천왕","5506","5422","20221109"
"20221106","7호선","철산","12140","11873","20221109"
"20221106","7호선","청담","7490","8350","20221109"
"20221106","7호선","태릉입구","5487","5312","20221109"
"20221106","7호선","하계","10192","9748","20221109"
"20221106","7호선","학동","7683","8065","20221109"
"20221105","7호선","가산디지털단지","16828","15221","20221108"
"20221105","7호선","강남구청","11186","12544","20221108"
"20221105","7호선","건대입구","12583","13280","20221108"
"20221105","7호선","고속터미널","18024","13467","20221108"
"20221105","7호선","공릉(서울과학기술대)","9826","9526","20221108"
"20221105","7호선","광명사거리","17594","17690","20221108"
"20221105","7호선","군자(능동)","11951","8726","20221108"
"20221105","7호선","남구로","8742","9124","20221108"
"20221105","7호선","남성","8432","7579","20221108"
"20221105","7호선","내방","8380","8312","20221108"
"20221105","7호선","노원","16556","17399","20221108"
"20221105","7호선","논현","10612","11339","20221108"
"20221105","7호선","대림(구로구청)","7746","8596","20221108"
"20221105","7호선","도봉산","7542","10394","20221108"
"20221105","7호선","뚝섬유원지","8334","7711","20221108"
"20221105","7호선","마들","9805","8894","20221108"
"20221105","7호선","먹골","8009","7539","20221108"
"20221105","7호선","면목","11874","11155","20221108"
"20221105","7호선","반포","5119","4944","20221108"
"20221105","7호선","보라매","6507","6505","20221108"
"20221105","7호선","사가정","13157","12722","20221108"
"20221105","7호선","상도","9271","8385","20221108"
"20221105","7호선","상봉(시외버스터미널)","14460","13839","20221108"
"20221105","7호선","수락산","10962","10484","20221108"
"20221105","7호선","숭실대입구(살피재)","10032","9493","20221108"
"20221105","7호선","신대방삼거리","11798","10709","20221108"
"20221105","7호선","신풍","8671","8189","20221108"
"20221105","7호선","어린이대공원(세종대)","13122","12697","20221108"
"20221105","7호선","온수(성공회대입구)","6084","6019","20221108"
"20221105","7호선","용마산(용마폭포공원)","5054","5163","20221108"
"20221105","7호선","이수","13563","12522","20221108"
"20221105","7호선","장승배기","7638","7296","20221108"
"20221105","7호선","장암","1778","1257","20221108"
"20221105","7호선","중계","10410","9102","20221108"
"20221105","7호선","중곡","7553","7018","20221108"
"20221105","7호선","중화","8341","7848","20221108"
"20221105","7호선","천왕","7707","7305","20221108"
"20221105","7호선","철산","16766","16740","20221108"
"20221105","7호선","청담","12503","13721","20221108"
"20221105","7호선","태릉입구","7606","6785","20221108"
"20221105","7호선","하계","13548","12422","20221108"
"20221105","7호선","학동","12063","12662","20221108"
"20221104","7호선","가산디지털단지","48849","48216","20221107"
"20221104","7호선","강남구청","18460","20660","20221107"
"20221104","7호선","건대입구","14762","15347","20221107"
"20221104","7호선","고속터미널","20073","15815","20221107"
"20221104","7호선","공릉(서울과학기술대)","13859","13354","20221107"
"20221104","7호선","광명사거리","23346","23084","20221107"
"20221104","7호선","군자(능동)","16628","12999","20221107"
"20221104","7호선","남구로","16240","17218","20221107"
"20221104","7호선","남성","12837","11538","20221107"
"20221104","7호선","내방","16356","16469","20221107"
"20221104","7호선","노원","22028","23674","20221107"
"20221104","7호선","논현","20403","21641","20221107"
"20221104","7호선","대림(구로구청)","8546","8939","20221107"
"20221104","7호선","도봉산","10155","11614","20221107"
"20221104","7호선","뚝섬유원지","8488","8272","20221107"
"20221104","7호선","마들","14396","13383","20221107"
"20221104","7호선","먹골","11127","10795","20221107"
"20221104","7호선","면목","17399","16783","20221107"
"20221104","7호선","반포","7114","6765","20221107"
"20221104","7호선","보라매","8172","8045","20221107"
"20221104","7호선","사가정","17764","17721","20221107"
"20221104","7호선","상도","13964","12968","20221107"
"20221104","7호선","상봉(시외버스터미널)","18367","18080","20221107"
"20221104","7호선","수락산","13848","13593","20221107"
"20221104","7호선","숭실대입구(살피재)","15887","15481","20221107"
"20221104","7호선","신대방삼거리","16654","15673","20221107"
"20221104","7호선","신풍","12514","11876","20221107"
"20221104","7호선","어린이대공원(세종대)","18376","18130","20221107"
"20221104","7호선","온수(성공회대입구)","11726","10839","20221107"
"20221104","7호선","용마산(용마폭포공원)","6634","6320","20221107"
"20221104","7호선","이수","17918","17034","20221107"
"20221104","7호선","장승배기","9976","9788","20221107"
"20221104","7호선","장암","2581","1109","20221107"
"20221104","7호선","중계","16160","14487","20221107"
"20221104","7호선","중곡","12262","11160","20221107"
"20221104","7호선","중화","11818","11566","20221107"
"20221104","7호선","천왕","13100","12234","20221107"
"20221104","7호선","철산","23759","24553","20221107"
"20221104","7호선","청담","21294","24094","20221107"
"20221104","7호선","태릉입구","10204","9501","20221107"
"20221104","7호선","하계","19386","17860","20221107"
"20221104","7호선","학동","25793","27445","20221107"
"20221103","7호선","가산디지털단지","48839","49172","20221106"
"20221103","7호선","강남구청","18593","20739","20221106"
"20221103","7호선","건대입구","14441","14933","20221106"
"20221103","7호선","고속터미널","16462","13869","20221106"
"20221103","7호선","공릉(서울과학기술대)","13500","13198","20221106"
"20221103","7호선","광명사거리","22527","22386","20221106"
"20221103","7호선","군자(능동)","16307","12973","20221106"
"20221103","7호선","남구로","16788","17684","20221106"
"20221103","7호선","남성","12594","11810","20221106"
"20221103","7호선","내방","16313","16629","20221106"
"20221103","7호선","노원","20219","21536","20221106"
"20221103","7호선","논현","20123","21270","20221106"
"20221103","7호선","대림(구로구청)","8265","8312","20221106"
"20221103","7호선","도봉산","10535","12147","20221106"
"20221103","7호선","뚝섬유원지","8456","8196","20221106"
"20221103","7호선","마들","14354","13506","20221106"
"20221103","7호선","먹골","10984","10777","20221106"
"20221103","7호선","면목","17467","17049","20221106"
"20221103","7호선","반포","6826","6691","20221106"
"20221103","7호선","보라매","7880","8118","20221106"
"20221103","7호선","사가정","17647","17705","20221106"
"20221103","7호선","상도","13591","13500","20221106"
"20221103","7호선","상봉(시외버스터미널)","17993","17163","20221106"
"20221103","7호선","수락산","13470","13382","20221106"
"20221103","7호선","숭실대입구(살피재)","16730","16933","20221106"
"20221103","7호선","신대방삼거리","16619","15639","20221106"
"20221103","7호선","신풍","12434","11742","20221106"
"20221103","7호선","어린이대공원(세종대)","19282","20096","20221106"
"20221103","7호선","온수(성공회대입구)","11920","11177","20221106"
"20221103","7호선","용마산(용마폭포공원)","6467","6242","20221106"
"20221103","7호선","이수","17149","15988","20221106"
"20221103","7호선","장승배기","9957","9634","20221106"
"20221103","7호선","장암","2680","1022","20221106"
"20221103","7호선","중계","16287","15037","20221106"
"20221103","7호선","중곡","11937","11017","20221106"
"20221103","7호선","중화","11610","11407","20221106"
"20221103","7호선","천왕","12912","12415","20221106"
"20221103","7호선","철산","23341","23926","20221106"
"20221103","7호선","청담","21708","24340","20221106"
"20221103","7호선","태릉입구","10285","9558","20221106"
"20221103","7호선","하계","19433","18386","20221106"
"20221103","7호선","학동","26520","28180","20221106"
"20221102","7호선","가산디지털단지","48777","49183","20221105"
"20221102","7호선","강남구청","18707","20764","20221105"
"20221102","7호선","건대입구","14245","14875","20221105"
"20221102","7호선","고속터미널","15655","13710","20221105"
"20221102","7호선","공릉(서울과학기술대)","13475","13423","20221105"
"20221102","7호선","광명사거리","22987","22712","20221105"
"20221102","7호선","군자(능동)","16120","13004","20221105"
"20221102","7호선","남구로","16980","17953","20221105"
"20221102","7호선","남성","12508","11643","20221105"
"20221102","7호선","내방","16614","16765","20221105"
"20221102","7호선","노원","20764","21973","20221105"
"20221102","7호선","논현","20416","21193","20221105"
"20221102","7호선","대림(구로구청)","8377","8526","20221105"
"20221102","7호선","도봉산","10716","12234","20221105"
"20221102","7호선","뚝섬유원지","8924","8658","20221105"
"20221102","7호선","마들","14225","13360","20221105"
"20221102","7호선","먹골","10901","10591","20221105"
"20221102","7호선","면목","17563","17187","20221105"
"20221102","7호선","반포","7056","6885","20221105"
"20221102","7호선","보라매","8045","8206","20221105"
"20221102","7호선","부천시청","1","0","20221105"
"20221102","7호선","사가정","17521","17383","20221105"
"20221102","7호선","상도","13726","13592","20221105"
"20221102","7호선","상봉(시외버스터미널)","18075","17051","20221105"
"20221102","7호선","수락산","13852","13740","20221105"
"20221102","7호선","숭실대입구(살피재)","17326","17432","20221105"
"20221102","7호선","신대방삼거리","16616","15884","20221105"
"20221102","7호선","신풍","12668","11873","20221105"
"20221102","7호선","어린이대공원(세종대)","19194","20015","20221105"
"20221102","7호선","온수(성공회대입구)","12018","11090","20221105"
"20221102","7호선","용마산(용마폭포공원)","6444","6348","20221105"
"20221102","7호선","이수","17092","16266","20221105"
"20221102","7호선","장승배기","9804","9707","20221105"
"20221102","7호선","장암","2645","988","20221105"
"20221102","7호선","중계","16407","15121","20221105"
"20221102","7호선","중곡","12237","11323","20221105"
"20221102","7호선","중화","11712","11366","20221105"
"20221102","7호선","천왕","13408","12805","20221105"
"20221102","7호선","철산","23450","23917","20221105"
"20221102","7호선","청담","22014","24348","20221105"
"20221102","7호선","태릉입구","10353","9817","20221105"
"20221102","7호선","하계","20129","19022","20221105"
"20221102","7호선","학동","26764","28184","20221105"
"20221101","7호선","가산디지털단지","48893","49190","20221104"
"20221101","7호선","강남구청","18494","20593","20221104"
"20221101","7호선","건대입구","13989","14610","20221104"
"20221101","7호선","고속터미널","15911","13797","20221104"
"20221101","7호선","공릉(서울과학기술대)","13465","13366","20221104"
"20221101","7호선","광명사거리","22552","22313","20221104"
"20221101","7호선","군자(능동)","16052","12784","20221104"
"20221101","7호선","남구로","17099","17843","20221104"
"20221101","7호선","남성","12707","11817","20221104"
"20221101","7호선","내방","16180","16438","20221104"
"20221101","7호선","노원","20944","21978","20221104"
"20221101","7호선","논현","20399","21097","20221104"
"20221101","7호선","대림(구로구청)","8430","8393","20221104"
"20221101","7호선","도봉산","10725","12174","20221104"
"20221101","7호선","뚝섬유원지","8883","8655","20221104"
"20221101","7호선","마들","14273","13470","20221104"
"20221101","7호선","먹골","11051","10743","20221104"
"20221101","7호선","면목","17637","17051","20221104"
"20221101","7호선","반포","6769","6603","20221104"
"20221101","7호선","보라매","7980","8069","20221104"
"20221101","7호선","사가정","17358","17542","20221104"
"20221101","7호선","상도","13825","13449","20221104"
"20221101","7호선","상봉(시외버스터미널)","17796","16968","20221104"
"20221101","7호선","수락산","13828","13575","20221104"
"20221101","7호선","숭실대입구(살피재)","17342","17685","20221104"
"20221101","7호선","신대방삼거리","16541","15790","20221104"
"20221101","7호선","신풍","12518","11898","20221104"
"20221101","7호선","어린이대공원(세종대)","18941","19599","20221104"
"20221101","7호선","온수(성공회대입구)","11957","10949","20221104"
"20221101","7호선","용마산(용마폭포공원)","6501","6312","20221104"
"20221101","7호선","이수","17217","16478","20221104"
"20221101","7호선","장승배기","9866","9911","20221104"
"20221101","7호선","장암","2696","962","20221104"
"20221101","7호선","중계","16148","14761","20221104"
"20221101","7호선","중곡","12285","11335","20221104"
"20221101","7호선","중화","11552","11512","20221104"
"20221101","7호선","천왕","12793","12147","20221104"
"20221101","7호선","철산","23110","23721","20221104"
"20221101","7호선","청담","21952","24261","20221104"
"20221101","7호선","태릉입구","10094","9678","20221104"
"20221101","7호선","하계","19590","18510","20221104"
"20221101","7호선","학동","26599","27770","20221104"
"20221031","7호선","가산디지털단지","48261","48639","20221103"
"20221031","7호선","강남구청","17549","19356","20221103"
"20221031","7호선","건대입구","13781","14470","20221103"
"20221031","7호선","고속터미널","17079","14181","20221103"
"20221031","7호선","공릉(서울과학기술대)","13109","13077","20221103"
"20221031","7호선","광명사거리","22383","21806","20221103"
"20221031","7호선","군자(능동)","15662","12689","20221103"
"20221031","7호선","남구로","16839","17560","20221103"
"20221031","7호선","남성","12229","11449","20221103"
"20221031","7호선","내방","15981","16211","20221103"
"20221031","7호선","노원","20636","21823","20221103"
"20221031","7호선","논현","19886","20406","20221103"
"20221031","7호선","대림(구로구청)","8368","8439","20221103"
"20221031","7호선","도봉산","10958","12179","20221103"
"20221031","7호선","뚝섬유원지","8677","8356","20221103"
"20221031","7호선","마들","14046","13130","20221103"
"20221031","7호선","먹골","10748","10485","20221103"
"20221031","7호선","면목","17363","16952","20221103"
"20221031","7호선","반포","6655","6394","20221103"
"20221031","7호선","보라매","7899","8076","20221103"
"20221031","7호선","사가정","17133","17245","20221103"
"20221031","7호선","상도","13436","13359","20221103"
"20221031","7호선","상봉(시외버스터미널)","17394","16669","20221103"
"20221031","7호선","수락산","13503","13464","20221103"
"20221031","7호선","숭실대입구(살피재)","16785","17185","20221103"
"20221031","7호선","신대방삼거리","15980","15504","20221103"
"20221031","7호선","신풍","12409","11658","20221103"
"20221031","7호선","어린이대공원(세종대)","18676","19546","20221103"
"20221031","7호선","온수(성공회대입구)","11834","11001","20221103"
"20221031","7호선","용마산(용마폭포공원)","6268","6079","20221103"
"20221031","7호선","이수","16212","15580","20221103"
"20221031","7호선","장승배기","9736","9734","20221103"
"20221031","7호선","장암","2663","918","20221103"
"20221031","7호선","중계","15692","14439","20221103"
"20221031","7호선","중곡","11836","11022","20221103"
"20221031","7호선","중화","11267","11112","20221103"
"20221031","7호선","천왕","12767","12207","20221103"
"20221031","7호선","철산","22725","23210","20221103"
"20221031","7호선","청담","21161","23248","20221103"
"20221031","7호선","태릉입구","10003","9409","20221103"
"20221031","7호선","하계","18879","17819","20221103"
"20221031","7호선","학동","25726","27230","20221103"
"20221030","7호선","가산디지털단지","11863","10989","20221102"
"20221030","7호선","강남구청","6605","7278","20221102"
"20221030","7호선","건대입구","8241","8606","20221102"
"20221030","7호선","고속터미널","16774","9916","20221102"
"20221030","7호선","공릉(서울과학기술대)","7255","7358","20221102"
"20221030","7호선","광명사거리","13113","13130","20221102"
"20221030","7호선","군자(능동)","8465","6508","20221102"
"20221030","7호선","남구로","7558","7204","20221102"
"20221030","7호선","남성","6054","6037","20221102"
"20221030","7호선","내방","5512","5670","20221102"
"20221030","7호선","노원","11705","11717","20221102"
"20221030","7호선","논현","6251","6225","20221102"
"20221030","7호선","대림(구로구청)","8724","8121","20221102"
"20221030","7호선","도봉산","6835","9804","20221102"
"20221030","7호선","뚝섬유원지","8464","7802","20221102"
"20221030","7호선","마들","6738","6300","20221102"
"20221030","7호선","먹골","5867","5764","20221102"
"20221030","7호선","면목","8550","8369","20221102"
"20221030","7호선","반포","3226","3308","20221102"
"20221030","7호선","보라매","4291","4371","20221102"
"20221030","7호선","사가정","9781","9534","20221102"
"20221030","7호선","상도","6319","6527","20221102"
"20221030","7호선","상봉(시외버스터미널)","10610","9875","20221102"
"20221030","7호선","수락산","8804","8792","20221102"
"20221030","7호선","숭실대입구(살피재)","6724","7414","20221102"
"20221030","7호선","신대방삼거리","8476","8325","20221102"
"20221030","7호선","신풍","7047","6783","20221102"
"20221030","7호선","어린이대공원(세종대)","9968","10120","20221102"
"20221030","7호선","온수(성공회대입구)","4374","4535","20221102"
"20221030","7호선","용마산(용마폭포공원)","3422","3798","20221102"
"20221030","7호선","이수","9162","8515","20221102"
"20221030","7호선","장승배기","5003","5040","20221102"
"20221030","7호선","장암","1627","1008","20221102"
"20221030","7호선","중계","7654","7115","20221102"
"20221030","7호선","중곡","5867","5699","20221102"
"20221030","7호선","중화","6207","5886","20221102"
"20221030","7호선","천왕","5403","5369","20221102"
"20221030","7호선","철산","11927","11868","20221102"
"20221030","7호선","청담","8365","8887","20221102"
"20221030","7호선","태릉입구","5760","5552","20221102"
"20221030","7호선","하계","11787","11640","20221102"
"20221030","7호선","학동","7501","7858","20221102"
"20221029","7호선","가산디지털단지","16576","14957","20221101"
"20221029","7호선","강남구청","11618","13326","20221101"
"20221029","7호선","건대입구","12289","12942","20221101"
"20221029","7호선","고속터미널","19097","13350","20221101"
"20221029","7호선","공릉(서울과학기술대)","10672","10132","20221101"
"20221029","7호선","광명사거리","18667","18071","20221101"
"20221029","7호선","군자(능동)","12230","9033","20221101"
"20221029","7호선","까치울","1","0","20221101"
"20221029","7호선","남구로","8845","9254","20221101"
"20221029","7호선","남성","8883","7990","20221101"
"20221029","7호선","내방","8660","8393","20221101"
"20221029","7호선","노원","17372","18182","20221101"
"20221029","7호선","논현","11087","11965","20221101"
"20221029","7호선","대림(구로구청)","7987","8752","20221101"
"20221029","7호선","도봉산","8778","11811","20221101"
"20221029","7호선","뚝섬유원지","11028","10185","20221101"
"20221029","7호선","마들","10917","9716","20221101"
"20221029","7호선","먹골","8683","8280","20221101"
"20221029","7호선","면목","12781","11591","20221101"
"20221029","7호선","반포","5376","5277","20221101"
"20221029","7호선","보라매","6341","6191","20221101"
"20221029","7호선","사가정","13867","13039","20221101"
"20221029","7호선","상도","9514","8455","20221101"
"20221029","7호선","상봉(시외버스터미널)","15547","14683","20221101"
"20221029","7호선","수락산","11827","11316","20221101"
"20221029","7호선","숭실대입구(살피재)","10836","10347","20221101"
"20221029","7호선","신대방삼거리","12162","11195","20221101"
"20221029","7호선","신풍","9190","8408","20221101"
"20221029","7호선","어린이대공원(세종대)","14467","14063","20221101"
"20221029","7호선","온수(성공회대입구)","6356","6183","20221101"
"20221029","7호선","용마산(용마폭포공원)","5391","5496","20221101"
"20221029","7호선","이수","13740","12604","20221101"
"20221029","7호선","장승배기","7309","6938","20221101"
"20221029","7호선","장암","2025","1543","20221101"
"20221029","7호선","중계","11265","9748","20221101"
"20221029","7호선","중곡","7975","7252","20221101"
"20221029","7호선","중화","8665","8057","20221101"
"20221029","7호선","천왕","8043","7348","20221101"
"20221029","7호선","철산","17940","17872","20221101"
"20221029","7호선","청담","12888","14264","20221101"
"20221029","7호선","태릉입구","7866","7319","20221101"
"20221029","7호선","하계","16864","15599","20221101"
"20221029","7호선","학동","13004","13971","20221101"
"20221028","7호선","가산디지털단지","48021","47875","20221031"
"20221028","7호선","강남구청","18698","21200","20221031"
"20221028","7호선","건대입구","14571","15595","20221031"
"20221028","7호선","고속터미널","20732","15819","20221031"
"20221028","7호선","공릉(서울과학기술대)","13907","13453","20221031"
"20221028","7호선","광명사거리","23849","23357","20221031"
"20221028","7호선","군자(능동)","16968","13100","20221031"
"20221028","7호선","남구로","16681","17574","20221031"
"20221028","7호선","남성","13117","11744","20221031"
"20221028","7호선","내방","16404","16673","20221031"
"20221028","7호선","노원","22396","24279","20221031"
"20221028","7호선","논현","20784","22249","20221031"
"20221028","7호선","대림(구로구청)","8367","8921","20221031"
"20221028","7호선","도봉산","11005","12460","20221031"
"20221028","7호선","뚝섬유원지","11101","10627","20221031"
"20221028","7호선","마들","14873","13611","20221031"
"20221028","7호선","먹골","11501","10896","20221031"
"20221028","7호선","면목","17913","16927","20221031"
"20221028","7호선","반포","7212","6856","20221031"
"20221028","7호선","보라매","8378","8356","20221031"
"20221028","7호선","부천종합운동장","1","0","20221031"
"20221028","7호선","사가정","18186","18224","20221031"
"20221028","7호선","상도","13862","13085","20221031"
"20221028","7호선","상봉(시외버스터미널)","19089","18739","20221031"
"20221028","7호선","수락산","14196","14041","20221031"
"20221028","7호선","숭실대입구(살피재)","15998","15457","20221031"
"20221028","7호선","신대방삼거리","16982","15636","20221031"
"20221028","7호선","신풍","12820","12010","20221031"
"20221028","7호선","어린이대공원(세종대)","19379","18575","20221031"
"20221028","7호선","온수(성공회대입구)","12110","11228","20221031"
"20221028","7호선","용마산(용마폭포공원)","6798","6399","20221031"
"20221028","7호선","이수","18154","17232","20221031"
"20221028","7호선","장승배기","10020","9821","20221031"
"20221028","7호선","장암","2677","1142","20221031"
"20221028","7호선","중계","16671","14885","20221031"
"20221028","7호선","중곡","12361","11332","20221031"
"20221028","7호선","중화","11990","11467","20221031"
"20221028","7호선","천왕","13030","12157","20221031"
"20221028","7호선","철산","24578","25209","20221031"
"20221028","7호선","청담","21901","24519","20221031"
"20221028","7호선","태릉입구","10476","9631","20221031"
"20221028","7호선","하계","21562","19715","20221031"
"20221028","7호선","학동","25452","27570","20221031"
"20221027","7호선","가산디지털단지","48587","49285","20221030"
"20221027","7호선","강남구청","18816","20949","20221030"
"20221027","7호선","건대입구","15571","17501","20221030"
"20221027","7호선","고속터미널","16994","14231","20221030"
"20221027","7호선","공릉(서울과학기술대)","13866","13550","20221030"
"20221027","7호선","광명사거리","22928","22729","20221030"
"20221027","7호선","군자(능동)","16636","13157","20221030"
"20221027","7호선","남구로","16741","17655","20221030"
"20221027","7호선","남성","12836","11991","20221030"
"20221027","7호선","내방","16541","16766","20221030"
"20221027","7호선","노원","21128","22484","20221030"
"20221027","7호선","논현","20556","21463","20221030"
"20221027","7호선","대림(구로구청)","8363","8395","20221030"
"20221027","7호선","도봉산","10903","12440","20221030"
"20221027","7호선","뚝섬유원지","9565","9084","20221030"
"20221027","7호선","마들","14950","13938","20221030"
"20221027","7호선","먹골","11199","11087","20221030"
"20221027","7호선","면목","17807","17147","20221030"
"20221027","7호선","반포","6949","6711","20221030"
"20221027","7호선","보라매","8156","8246","20221030"
"20221027","7호선","사가정","17954","17752","20221030"
"20221027","7호선","상도","13815","13543","20221030"
"20221027","7호선","상봉(시외버스터미널)","18508","17811","20221030"
"20221027","7호선","수락산","13957","13635","20221030"
"20221027","7호선","숭실대입구(살피재)","17094","17190","20221030"
"20221027","7호선","신대방삼거리","16458","15657","20221030"
"20221027","7호선","신풍","12603","11792","20221030"
"20221027","7호선","어린이대공원(세종대)","20216","21639","20221030"
"20221027","7호선","온수(성공회대입구)","12189","11413","20221030"
"20221027","7호선","용마산(용마폭포공원)","6612","6439","20221030"
"20221027","7호선","이수","17611","16461","20221030"
"20221027","7호선","장승배기","10103","9835","20221030"
"20221027","7호선","장암","2595","985","20221030"
"20221027","7호선","중계","16789","15261","20221030"
"20221027","7호선","중곡","12374","11519","20221030"
"20221027","7호선","중화","11902","11637","20221030"
"20221027","7호선","천왕","13011","12285","20221030"
"20221027","7호선","철산","23762","24110","20221030"
"20221027","7호선","청담","22180","24828","20221030"
"20221027","7호선","태릉입구","10518","9773","20221030"
"20221027","7호선","하계","20189","18831","20221030"
"20221027","7호선","학동","26520","28127","20221030"
"20221026","7호선","가산디지털단지","49100","49572","20221029"
"20221026","7호선","강남구청","18788","21050","20221029"
"20221026","7호선","건대입구","15140","16728","20221029"
"20221026","7호선","고속터미널","16191","14169","20221029"
"20221026","7호선","공릉(서울과학기술대)","13755","13541","20221029"
"20221026","7호선","광명사거리","23106","22968","20221029"
"20221026","7호선","군자(능동)","16568","13105","20221029"
"20221026","7호선","남구로","16904","17765","20221029"
"20221026","7호선","남성","12704","11670","20221029"
"20221026","7호선","내방","16437","16826","20221029"
"20221026","7호선","노원","21376","22502","20221029"
"20221026","7호선","논현","20823","21480","20221029"
"20221026","7호선","대림(구로구청)","8419","8548","20221029"
"20221026","7호선","도봉산","10754","12384","20221029"
"20221026","7호선","뚝섬유원지","9161","8802","20221029"
"20221026","7호선","마들","14638","13702","20221029"
"20221026","7호선","먹골","10944","10884","20221029"
"20221026","7호선","면목","17688","17049","20221029"
"20221026","7호선","반포","6864","6707","20221029"
"20221026","7호선","보라매","8128","8309","20221029"
"20221026","7호선","사가정","17750","17763","20221029"
"20221026","7호선","상도","13601","13286","20221029"
"20221026","7호선","상봉(시외버스터미널)","18484","17803","20221029"
"20221026","7호선","수락산","14198","13811","20221029"
"20221026","7호선","숭실대입구(살피재)","17308","17259","20221029"
"20221026","7호선","신대방삼거리","16692","15927","20221029"
"20221026","7호선","신풍","12614","11971","20221029"
"20221026","7호선","어린이대공원(세종대)","19170","20536","20221029"
"20221026","7호선","온수(성공회대입구)","12321","11429","20221029"
"20221026","7호선","용마산(용마폭포공원)","6687","6467","20221029"
"20221026","7호선","이수","17623","16705","20221029"
"20221026","7호선","장승배기","10120","9964","20221029"
"20221026","7호선","장암","2680","1030","20221029"
"20221026","7호선","중계","16597","15233","20221029"
"20221026","7호선","중곡","12612","11602","20221029"
"20221026","7호선","중화","11875","11486","20221029"
"20221026","7호선","천왕","13016","12398","20221029"
"20221026","7호선","철산","23506","23890","20221029"
"20221026","7호선","청담","22099","24684","20221029"
"20221026","7호선","태릉입구","10575","9792","20221029"
"20221026","7호선","하계","20518","19343","20221029"
"20221026","7호선","학동","26678","28449","20221029"
"20221025","7호선","가산디지털단지","49624","50021","20221028"
"20221025","7호선","강남구청","18736","20623","20221028"
"20221025","7호선","건대입구","14283","14629","20221028"
"20221025","7호선","고속터미널","15961","14027","20221028"
"20221025","7호선","공릉(서울과학기술대)","13417","13357","20221028"
"20221025","7호선","광명사거리","23174","22833","20221028"
"20221025","7호선","군자(능동)","16622","13126","20221028"
"20221025","7호선","남구로","17172","17994","20221028"
"20221025","7호선","남성","12834","12111","20221028"
"20221025","7호선","내방","16572","16827","20221028"
"20221025","7호선","노원","21398","22590","20221028"
"20221025","7호선","논현","21117","21645","20221028"
"20221025","7호선","대림(구로구청)","8371","8546","20221028"
"20221025","7호선","도봉산","10985","12708","20221028"
"20221025","7호선","뚝섬유원지","8972","8749","20221028"
"20221025","7호선","마들","14592","13610","20221028"
"20221025","7호선","먹골","11051","10912","20221028"
"20221025","7호선","면목","18091","17531","20221028"
"20221025","7호선","반포","6766","6639","20221028"
"20221025","7호선","보라매","8275","8454","20221028"
"20221025","7호선","사가정","17908","17928","20221028"
"20221025","7호선","상도","13384","12982","20221028"
"20221025","7호선","상봉(시외버스터미널)","18250","17428","20221028"
"20221025","7호선","수락산","13979","13839","20221028"
"20221025","7호선","숭실대입구(살피재)","16928","17178","20221028"
"20221025","7호선","신대방삼거리","16621","15874","20221028"
"20221025","7호선","신풍","12580","11861","20221028"
"20221025","7호선","어린이대공원(세종대)","18563","19249","20221028"
"20221025","7호선","온수(성공회대입구)","12272","11423","20221028"
"20221025","7호선","용마산(용마폭포공원)","6498","6400","20221028"
"20221025","7호선","이수","17825","16021","20221028"
"20221025","7호선","장승배기","10037","9968","20221028"
"20221025","7호선","장암","2671","968","20221028"
"20221025","7호선","중계","16654","15132","20221028"
"20221025","7호선","중곡","12307","11302","20221028"
"20221025","7호선","중화","11780","11636","20221028"
"20221025","7호선","천왕","13078","12707","20221028"
"20221025","7호선","철산","23588","24183","20221028"
"20221025","7호선","청담","22201","24548","20221028"
"20221025","7호선","태릉입구","10376","9728","20221028"
"20221025","7호선","하계","19739","18444","20221028"
"20221025","7호선","학동","26854","28420","20221028"
"20221024","7호선","가산디지털단지","49088","49293","20221027"
"20221024","7호선","강남구청","17930","19593","20221027"
"20221024","7호선","건대입구","13527","14230","20221027"
"20221024","7호선","고속터미널","16740","14008","20221027"
"20221024","7호선","공릉(서울과학기술대)","12968","13068","20221027"
"20221024","7호선","광명사거리","22366","22090","20221027"
"20221024","7호선","군자(능동)","15830","12750","20221027"
"20221024","7호선","남구로","17153","17854","20221027"
"20221024","7호선","남성","12286","11653","20221027"
"20221024","7호선","내방","16117","16471","20221027"
"20221024","7호선","노원","20816","21759","20221027"
"20221024","7호선","논현","20310","21022","20221027"
"20221024","7호선","대림(구로구청)","8510","8501","20221027"
"20221024","7호선","도봉산","10648","11701","20221027"
"20221024","7호선","뚝섬유원지","8355","8065","20221027"
"20221024","7호선","마들","14221","13313","20221027"
"20221024","7호선","먹골","10712","10685","20221027"
"20221024","7호선","면목","17424","16970","20221027"
"20221024","7호선","반포","6552","6475","20221027"
"20221024","7호선","보라매","8024","8070","20221027"
"20221024","7호선","사가정","17232","17258","20221027"
"20221024","7호선","상도","12999","12749","20221027"
"20221024","7호선","상봉(시외버스터미널)","17988","17092","20221027"
"20221024","7호선","수락산","13396","13269","20221027"
"20221024","7호선","숭실대입구(살피재)","16675","17018","20221027"
"20221024","7호선","신대방삼거리","16305","15695","20221027"
"20221024","7호선","신풍","12556","11805","20221027"
"20221024","7호선","어린이대공원(세종대)","18198","18781","20221027"
"20221024","7호선","온수(성공회대입구)","12156","11386","20221027"
"20221024","7호선","용마산(용마폭포공원)","6308","6183","20221027"
"20221024","7호선","이수","16366","15546","20221027"
"20221024","7호선","장승배기","9814","9820","20221027"
"20221024","7호선","장암","2664","978","20221027"
"20221024","7호선","중계","16295","14918","20221027"
"20221024","7호선","중곡","12069","11080","20221027"
"20221024","7호선","중화","11379","11220","20221027"
"20221024","7호선","천왕","12812","12329","20221027"
"20221024","7호선","철산","23167","23393","20221027"
"20221024","7호선","청담","21387","23417","20221027"
"20221024","7호선","태릉입구","9979","9402","20221027"
"20221024","7호선","하계","19326","18104","20221027"
"20221024","7호선","학동","26248","27675","20221027"
"20221023","7호선","가산디지털단지","13112","11779","20221026"
"20221023","7호선","강남구청","6753","7510","20221026"
"20221023","7호선","건대입구","7785","8595","20221026"
"20221023","7호선","고속터미널","15698","9616","20221026"
"20221023","7호선","공릉(서울과학기술대)","6611","6717","20221026"
"20221023","7호선","광명사거리","13518","13450","20221026"
"20221023","7호선","군자(능동)","8795","6602","20221026"
"20221023","7호선","남구로","7587","7499","20221026"
"20221023","7호선","남성","6110","6057","20221026"
"20221023","7호선","내방","5732","5918","20221026"
"20221023","7호선","노원","12145","11905","20221026"
"20221023","7호선","논현","6248","6493","20221026"
"20221023","7호선","대림(구로구청)","8901","8271","20221026"
"20221023","7호선","도봉산","6856","9851","20221026"
"20221023","7호선","뚝섬유원지","8066","7668","20221026"
"20221023","7호선","마들","6680","6213","20221026"
"20221023","7호선","먹골","5773","5704","20221026"
"20221023","7호선","면목","8628","8588","20221026"
"20221023","7호선","반포","3228","3330","20221026"
"20221023","7호선","보라매","4322","4439","20221026"
"20221023","7호선","사가정","9634","9395","20221026"
"20221023","7호선","상도","5890","6036","20221026"
"20221023","7호선","상봉(시외버스터미널)","10512","9478","20221026"
"20221023","7호선","수락산","8788","8682","20221026"
"20221023","7호선","숭실대입구(살피재)","6443","6881","20221026"
"20221023","7호선","신대방삼거리","8295","8346","20221026"
"20221023","7호선","신풍","7029","6567","20221026"
"20221023","7호선","어린이대공원(세종대)","10009","10507","20221026"
"20221023","7호선","온수(성공회대입구)","4485","4530","20221026"
"20221023","7호선","용마산(용마폭포공원)","3493","4031","20221026"
"20221023","7호선","이수","9147","8330","20221026"
"20221023","7호선","장승배기","5005","4953","20221026"
"20221023","7호선","장암","1594","1003","20221026"
"20221023","7호선","중계","7607","7245","20221026"
"20221023","7호선","중곡","5802","5465","20221026"
"20221023","7호선","중화","6080","5980","20221026"
"20221023","7호선","천왕","5590","5374","20221026"
"20221023","7호선","철산","11888","11964","20221026"
"20221023","7호선","청담","7984","8683","20221026"
"20221023","7호선","태릉입구","5495","5309","20221026"
"20221023","7호선","하계","10503","10018","20221026"
"20221023","7호선","학동","7731","8227","20221026"
"20221022","7호선","가산디지털단지","17063","15382","20221025"
"20221022","7호선","강남구청","11650","13361","20221025"
"20221022","7호선","건대입구","12331","12674","20221025"
"20221022","7호선","고속터미널","18094","13377","20221025"
"20221022","7호선","공릉(서울과학기술대)","10301","9772","20221025"
"20221022","7호선","광명사거리","18070","17812","20221025"
"20221022","7호선","군자(능동)","12300","8900","20221025"
"20221022","7호선","남구로","8853","9275","20221025"
"20221022","7호선","남성","8854","7892","20221025"
"20221022","7호선","내방","8631","8634","20221025"
"20221022","7호선","노원","16743","17613","20221025"
"20221022","7호선","논현","10981","11851","20221025"
"20221022","7호선","대림(구로구청)","7954","8607","20221025"
"20221022","7호선","도봉산","8154","10986","20221025"
"20221022","7호선","뚝섬유원지","10842","10313","20221025"
"20221022","7호선","마들","10038","9093","20221025"
"20221022","7호선","먹골","8428","7984","20221025"
"20221022","7호선","면목","12676","11785","20221025"
"20221022","7호선","반포","5197","5153","20221025"
"20221022","7호선","보라매","5985","5894","20221025"
"20221022","7호선","사가정","13538","12752","20221025"
"20221022","7호선","상도","8931","8177","20221025"
"20221022","7호선","상봉(시외버스터미널)","15108","14339","20221025"
"20221022","7호선","수락산","11578","11174","20221025"
"20221022","7호선","숭실대입구(살피재)","10643","10266","20221025"
"20221022","7호선","신대방삼거리","12065","11051","20221025"
"20221022","7호선","신풍","8952","8478","20221025"
"20221022","7호선","어린이대공원(세종대)","14563","14407","20221025"
"20221022","7호선","온수(성공회대입구)","6628","6376","20221025"
"20221022","7호선","용마산(용마폭포공원)","5098","5172","20221025"
"20221022","7호선","이수","13281","12288","20221025"
"20221022","7호선","장승배기","7049","6680","20221025"
"20221022","7호선","장암","1916","1340","20221025"
"20221022","7호선","중계","10843","9422","20221025"
"20221022","7호선","중곡","7859","6965","20221025"
"20221022","7호선","중화","8543","7898","20221025"
"20221022","7호선","천왕","7870","7417","20221025"
"20221022","7호선","철산","17543","17551","20221025"
"20221022","7호선","청담","13160","13865","20221025"
"20221022","7호선","태릉입구","7465","6820","20221025"
"20221022","7호선","하계","14238","13029","20221025"
"20221022","7호선","학동","12527","13275","20221025"
"20221021","7호선","가산디지털단지","48166","48123","20221024"
"20221021","7호선","강남구청","19001","21107","20221024"
"20221021","7호선","건대입구","14165","14857","20221024"
"20221021","7호선","고속터미널","19874","15826","20221024"
"20221021","7호선","공릉(서울과학기술대)","13504","13253","20221024"
"20221021","7호선","광명사거리","24249","23627","20221024"
"20221021","7호선","군자(능동)","16749","13139","20221024"
"20221021","7호선","남구로","16603","17598","20221024"
"20221021","7호선","남성","12794","11729","20221024"
"20221021","7호선","내방","16385","16553","20221024"
"20221021","7호선","노원","22068","23849","20221024"
"20221021","7호선","논현","21144","22520","20221024"
"20221021","7호선","대림(구로구청)","8376","8783","20221024"
"20221021","7호선","도봉산","10730","12292","20221024"
"20221021","7호선","뚝섬유원지","10977","10497","20221024"
"20221021","7호선","마들","14681","13499","20221024"
"20221021","7호선","먹골","11355","10890","20221024"
"20221021","7호선","면목","17709","16879","20221024"
"20221021","7호선","반포","7022","6767","20221024"
"20221021","7호선","보라매","8207","8160","20221024"
"20221021","7호선","사가정","17980","17824","20221024"
"20221021","7호선","상도","13373","12600","20221024"
"20221021","7호선","상봉(시외버스터미널)","18969","18313","20221024"
"20221021","7호선","수락산","14242","14000","20221024"
"20221021","7호선","숭실대입구(살피재)","15972","15594","20221024"
"20221021","7호선","신대방삼거리","16733","15563","20221024"
"20221021","7호선","신풍","12765","11847","20221024"
"20221021","7호선","어린이대공원(세종대)","17558","17626","20221024"
"20221021","7호선","온수(성공회대입구)","12180","11182","20221024"
"20221021","7호선","용마산(용마폭포공원)","6484","6259","20221024"
"20221021","7호선","이수","18148","17162","20221024"
"20221021","7호선","장승배기","10185","9952","20221024"
"20221021","7호선","장암","2639","1104","20221024"
"20221021","7호선","중계","16540","14904","20221024"
"20221021","7호선","중곡","12616","11403","20221024"
"20221021","7호선","중화","11844","11513","20221024"
"20221021","7호선","천왕","13162","12148","20221024"
"20221021","7호선","철산","24511","25231","20221024"
"20221021","7호선","청담","21339","24247","20221024"
"20221021","7호선","태릉입구","10066","9279","20221024"
"20221021","7호선","하계","19860","18216","20221024"
"20221021","7호선","학동","25884","27721","20221024"
"20221020","7호선","가산디지털단지","49132","49677","20221023"
"20221020","7호선","강남구청","18828","21017","20221023"
"20221020","7호선","건대입구","14256","14670","20221023"
"20221020","7호선","고속터미널","16640","14049","20221023"
"20221020","7호선","공릉(서울과학기술대)","13369","13309","20221023"
"20221020","7호선","광명사거리","23043","22798","20221023"
"20221020","7호선","군자(능동)","16431","12956","20221023"
"20221020","7호선","남구로","16659","17745","20221023"
"20221020","7호선","남성","12837","11890","20221023"
"20221020","7호선","내방","16357","16682","20221023"
"20221020","7호선","노원","21062","22316","20221023"
"20221020","7호선","논현","20782","21687","20221023"
"20221020","7호선","대림(구로구청)","8489","8587","20221023"
"20221020","7호선","도봉산","10802","12300","20221023"
"20221020","7호선","뚝섬유원지","9602","9242","20221023"
"20221020","7호선","마들","14546","13605","20221023"
"20221020","7호선","먹골","11256","10917","20221023"
"20221020","7호선","면목","17855","17231","20221023"
"20221020","7호선","반포","6733","6593","20221023"
"20221020","7호선","보라매","8164","8419","20221023"
"20221020","7호선","사가정","17718","17873","20221023"
"20221020","7호선","상도","13244","12648","20221023"
"20221020","7호선","상봉(시외버스터미널)","18549","17697","20221023"
"20221020","7호선","수락산","14011","13696","20221023"
"20221020","7호선","숭실대입구(살피재)","16615","16784","20221023"
"20221020","7호선","신대방삼거리","16646","15632","20221023"
"20221020","7호선","신풍","12609","11955","20221023"
"20221020","7호선","어린이대공원(세종대)","18940","19376","20221023"
"20221020","7호선","온수(성공회대입구)","12114","11308","20221023"
"20221020","7호선","용마산(용마폭포공원)","6545","6375","20221023"
"20221020","7호선","이수","17426","16221","20221023"
"20221020","7호선","장승배기","9945","9764","20221023"
"20221020","7호선","장암","2654","1010","20221023"
"20221020","7호선","중계","16608","15064","20221023"
"20221020","7호선","중곡","12515","11531","20221023"
"20221020","7호선","중화","11870","11504","20221023"
"20221020","7호선","천왕","13012","12409","20221023"
"20221020","7호선","철산","23944","24268","20221023"
"20221020","7호선","청담","21846","24553","20221023"
"20221020","7호선","태릉입구","10512","9716","20221023"
"20221020","7호선","하계","19604","18582","20221023"
"20221020","7호선","학동","26509","28394","20221023"
"20221019","7호선","가산디지털단지","49342","49728","20221022"
"20221019","7호선","강남구청","19097","21238","20221022"
"20221019","7호선","건대입구","14139","14624","20221022"
"20221019","7호선","고속터미널","16208","14358","20221022"
"20221019","7호선","공릉(서울과학기술대)","13386","13228","20221022"
"20221019","7호선","광명사거리","23181","22541","20221022"
"20221019","7호선","군자(능동)","16390","13039","20221022"
"20221019","7호선","남구로","17105","18042","20221022"
"20221019","7호선","남성","12662","11773","20221022"
"20221019","7호선","내방","16765","17081","20221022"
"20221019","7호선","노원","21050","22418","20221022"
"20221019","7호선","논현","20751","21488","20221022"
"20221019","7호선","대림(구로구청)","8592","8793","20221022"
"20221019","7호선","도봉산","10829","12164","20221022"
"20221019","7호선","뚝섬유원지","9152","8919","20221022"
"20221019","7호선","마들","14432","13499","20221022"
"20221019","7호선","먹골","11006","10751","20221022"
"20221019","7호선","면목","17472","17126","20221022"
"20221019","7호선","반포","6809","6672","20221022"
"20221019","7호선","보라매","8342","8514","20221022"
"20221019","7호선","사가정","17635","17540","20221022"
"20221019","7호선","상도","13418","13244","20221022"
"20221019","7호선","상봉(시외버스터미널)","18137","17178","20221022"
"20221019","7호선","수락산","13911","13723","20221022"
"20221019","7호선","숭실대입구(살피재)","17295","17341","20221022"
"20221019","7호선","신대방삼거리","16950","15992","20221022"
"20221019","7호선","신풍","12979","12335","20221022"
"20221019","7호선","어린이대공원(세종대)","19378","19988","20221022"
"20221019","7호선","온수(성공회대입구)","12337","11541","20221022"
"20221019","7호선","용마산(용마폭포공원)","6625","6473","20221022"
"20221019","7호선","이수","17556","16747","20221022"
"20221019","7호선","장승배기","10127","9953","20221022"
"20221019","7호선","장암","2652","1015","20221022"
"20221019","7호선","중계","16469","15058","20221022"
"20221019","7호선","중곡","12298","11369","20221022"
"20221019","7호선","중화","11643","11555","20221022"
"20221019","7호선","천왕","13093","12508","20221022"
"20221019","7호선","철산","23654","24045","20221022"
"20221019","7호선","청담","22633","25132","20221022"
"20221019","7호선","태릉입구","10232","9711","20221022"
"20221019","7호선","하계","20464","19482","20221022"
"20221019","7호선","학동","27043","29148","20221022"